Timestamp,Temperature,Humidity,LightIntensity
2022/2/2 0:00:22,8.27,97.61,0.06
2022/2/2 0:00:54,8.25,97.54,0.06
2022/2/2 0:01:27,8.27,97.54,0.06
2022/2/2 0:01:59,8.24,97.54,0.06
2022/2/2 0:02:31,8.25,97.62,0.06
2022/2/2 0:03:03,8.29,97.82,0.06
2022/2/2 0:03:35,8.29,97.86,0.06
2022/2/2 0:04:08,8.31,97.86,0.06
2022/2/2 0:04:40,8.27,97.82,0.06
2022/2/2 0:05:12,8.28,97.83,0.06
2022/2/2 0:05:44,8.27,97.78,0.06
2022/2/2 0:06:17,8.27,97.71,0.06
2022/2/2 0:06:49,8.24,97.71,0.06
2022/2/2 0:07:21,8.27,97.78,0.06
2022/2/2 0:07:53,8.25,97.89,0.06
2022/2/2 0:08:25,8.29,97.93,0.06
2022/2/2 0:08:58,8.27,98.09,0.06
2022/2/2 0:09:30,8.31,98.14,0.06
2022/2/2 0:10:02,8.28,98.10,0.06
2022/2/2 0:10:34,8.31,98.09,0.06
2022/2/2 0:11:07,8.28,98.08,0.06
2022/2/2 0:11:39,8.29,97.98,0.06
2022/2/2 0:12:11,8.27,97.95,0.06
2022/2/2 0:12:43,8.25,97.87,0.06
2022/2/2 0:13:15,8.22,97.88,0.06
2022/2/2 0:13:48,8.24,97.96,0.06
2022/2/2 0:14:20,8.27,97.97,0.06
2022/2/2 0:14:52,8.29,98.01,0.06
2022/2/2 0:15:24,8.28,97.99,0.06
2022/2/2 0:15:57,8.25,97.96,0.06
2022/2/2 0:16:29,8.24,97.83,0.06
2022/2/2 0:17:01,8.22,97.73,0.06
2022/2/2 0:17:33,8.24,97.67,0.06
2022/2/2 0:18:05,8.21,97.69,0.06
2022/2/2 0:18:38,8.22,97.75,0.06
2022/2/2 0:19:10,8.22,97.89,0.06
2022/2/2 0:19:42,8.24,97.96,0.06
2022/2/2 0:20:14,8.21,97.92,0.06
2022/2/2 0:20:47,8.22,97.82,0.06
2022/2/2 0:21:19,8.22,97.82,0.06
2022/2/2 0:21:51,8.21,97.80,0.06
2022/2/2 0:22:23,8.18,97.85,0.06
2022/2/2 0:22:55,8.20,97.95,0.06
2022/2/2 0:23:28,8.22,98.03,0.06
2022/2/2 0:24:00,8.22,98.11,0.06
2022/2/2 0:24:32,8.21,98.03,0.06
2022/2/2 0:25:04,8.20,97.96,0.06
2022/2/2 0:25:36,8.18,97.90,0.06
2022/2/2 0:26:09,8.18,97.91,0.06
2022/2/2 0:26:41,8.21,97.96,0.06
2022/2/2 0:27:13,8.22,97.98,0.06
2022/2/2 0:27:45,8.22,98.08,0.06
2022/2/2 0:28:18,8.20,98.06,0.06
2022/2/2 0:28:50,8.20,97.93,0.06
2022/2/2 0:29:22,8.16,97.84,0.06
2022/2/2 0:29:54,8.15,97.77,0.06
2022/2/2 0:30:26,8.14,97.75,0.06
2022/2/2 0:30:59,8.14,97.77,0.06
2022/2/2 0:31:31,8.16,97.76,0.06
2022/2/2 0:32:03,8.16,97.86,0.06
2022/2/2 0:32:35,8.16,97.92,0.06
2022/2/2 0:33:07,8.15,97.97,0.06
2022/2/2 0:33:40,8.16,97.94,0.06
2022/2/2 0:34:12,8.15,97.94,0.06
2022/2/2 0:34:44,8.15,97.88,0.06
2022/2/2 0:35:16,8.14,97.85,0.06
2022/2/2 0:35:49,8.12,97.75,0.06
2022/2/2 0:36:21,8.11,97.74,0.06
2022/2/2 0:36:53,8.12,97.76,0.06
2022/2/2 0:37:25,8.11,97.80,0.06
2022/2/2 0:37:57,8.12,97.77,0.06
2022/2/2 0:38:30,8.14,97.72,0.06
2022/2/2 0:39:02,8.11,97.76,0.06
2022/2/2 0:39:34,8.11,97.84,0.06
2022/2/2 0:40:06,8.12,97.87,0.06
2022/2/2 0:40:39,8.14,97.90,0.06
2022/2/2 0:41:11,8.11,97.86,0.06
2022/2/2 0:41:43,8.11,97.83,0.06
2022/2/2 0:42:15,8.12,97.79,0.06
2022/2/2 0:42:47,8.11,97.81,0.06
2022/2/2 0:43:20,8.08,97.78,0.06
2022/2/2 0:43:52,8.09,97.78,0.06
2022/2/2 0:44:24,8.11,97.74,0.06
2022/2/2 0:44:56,8.11,97.78,0.06
2022/2/2 0:45:29,8.09,97.89,0.06
2022/2/2 0:46:01,8.14,98.00,0.06
2022/2/2 0:46:33,8.12,98.08,0.06
2022/2/2 0:47:05,8.11,98.10,0.06
2022/2/2 0:47:37,8.14,98.09,0.06
2022/2/2 0:48:10,8.14,98.11,0.06
2022/2/2 0:48:42,8.14,98.13,0.06
2022/2/2 0:49:14,8.11,98.08,0.06
2022/2/2 0:49:46,8.14,98.03,0.06
2022/2/2 0:50:19,8.14,98.03,0.06
2022/2/2 0:50:51,8.12,97.98,0.06
2022/2/2 0:51:23,8.12,98.00,0.06
2022/2/2 0:51:55,8.12,98.00,0.06
2022/2/2 0:52:27,8.12,98.08,0.06
2022/2/2 0:53:00,8.15,98.11,0.06
2022/2/2 0:53:32,8.14,98.14,0.06
2022/2/2 0:54:04,8.14,98.08,0.06
2022/2/2 0:54:36,8.15,98.10,0.06
2022/2/2 0:55:09,8.15,98.08,0.06
2022/2/2 0:55:41,8.15,98.16,0.06
2022/2/2 0:56:13,8.15,98.19,0.06
2022/2/2 0:56:45,8.18,98.18,0.06
2022/2/2 0:57:17,8.16,98.12,0.06
2022/2/2 0:57:50,8.14,98.06,0.06
2022/2/2 0:58:22,8.15,97.95,0.06
2022/2/2 0:58:54,8.12,97.93,0.06
2022/2/2 0:59:26,8.11,97.96,0.06
2022/2/2 0:59:59,8.11,98.00,0.06
2022/2/2 1:00:31,8.12,98.01,0.06
2022/2/2 1:01:03,8.12,98.14,0.06
2022/2/2 1:01:35,8.14,98.31,0.06
2022/2/2 1:02:07,8.16,98.37,0.06
2022/2/2 1:02:40,8.16,98.29,0.06
2022/2/2 1:03:12,8.14,98.16,0.06
2022/2/2 1:03:44,8.09,98.03,0.06
2022/2/2 1:04:16,8.09,97.95,0.06
2022/2/2 1:04:49,8.08,97.97,0.06
2022/2/2 1:05:21,8.12,98.06,0.06
2022/2/2 1:05:53,8.08,98.16,0.06
2022/2/2 1:06:25,8.14,98.13,0.06
2022/2/2 1:06:57,8.09,98.10,0.06
2022/2/2 1:07:30,8.09,98.07,0.06
2022/2/2 1:08:02,8.11,98.10,0.06
2022/2/2 1:08:34,8.11,98.04,0.06
2022/2/2 1:09:06,8.06,97.93,0.06
2022/2/2 1:09:39,8.06,97.87,0.06
2022/2/2 1:10:11,8.05,97.91,0.06
2022/2/2 1:10:43,8.06,97.97,0.06
2022/2/2 1:11:15,8.08,98.03,0.06
2022/2/2 1:11:47,8.11,98.14,0.06
2022/2/2 1:12:20,8.06,98.11,0.06
2022/2/2 1:12:52,8.08,98.11,0.06
2022/2/2 1:13:24,8.08,98.11,0.06
2022/2/2 1:13:56,8.08,98.18,0.06
2022/2/2 1:14:28,8.08,98.17,0.06
2022/2/2 1:15:01,8.09,98.15,0.06
2022/2/2 1:15:33,8.09,98.12,0.06
2022/2/2 1:16:05,8.06,98.15,0.06
2022/2/2 1:16:37,8.06,98.11,0.06
2022/2/2 1:17:10,8.05,98.06,0.06
2022/2/2 1:17:42,8.05,97.96,0.06
2022/2/2 1:18:14,8.04,97.96,0.06
2022/2/2 1:18:46,8.05,98.00,0.06
2022/2/2 1:19:18,8.02,98.06,0.06
2022/2/2 1:19:51,8.04,98.15,0.06
2022/2/2 1:20:23,8.08,98.23,0.06
2022/2/2 1:20:55,8.05,98.31,0.06
2022/2/2 1:21:27,8.09,98.37,0.06
2022/2/2 1:22:00,8.06,98.39,0.06
2022/2/2 1:22:32,8.06,98.34,0.06
2022/2/2 1:23:04,8.06,98.29,0.06
2022/2/2 1:23:36,8.06,98.24,0.06
2022/2/2 1:24:08,8.08,98.21,0.06
2022/2/2 1:24:41,8.04,98.18,0.06
2022/2/2 1:25:13,8.02,98.12,0.06
2022/2/2 1:25:45,8.04,98.14,0.06
2022/2/2 1:26:17,8.04,98.18,0.06
2022/2/2 1:26:50,8.08,98.21,0.06
2022/2/2 1:27:22,8.08,98.26,0.06
2022/2/2 1:27:54,8.09,98.28,0.06
2022/2/2 1:28:26,8.08,98.25,0.06
2022/2/2 1:28:58,8.06,98.22,0.06
2022/2/2 1:29:31,8.08,98.26,0.06
2022/2/2 1:30:03,8.06,98.20,0.06
2022/2/2 1:30:35,8.06,98.20,0.06
2022/2/2 1:31:07,8.06,98.19,0.06
2022/2/2 1:31:40,8.06,98.12,0.06
2022/2/2 1:32:12,8.02,98.15,0.06
2022/2/2 1:32:44,8.05,98.20,0.06
2022/2/2 1:33:16,8.04,98.23,0.06
2022/2/2 1:33:48,8.05,98.35,0.06
2022/2/2 1:34:21,8.06,98.36,0.06
2022/2/2 1:34:53,8.06,98.39,0.06
2022/2/2 1:35:25,8.05,98.32,0.06
2022/2/2 1:35:57,8.08,98.30,0.06
2022/2/2 1:36:29,8.05,98.30,0.06
2022/2/2 1:37:02,8.04,98.29,0.06
2022/2/2 1:37:34,8.04,98.27,0.06
2022/2/2 1:38:06,8.05,98.25,0.06
2022/2/2 1:38:38,8.01,98.23,0.06
2022/2/2 1:39:11,8.02,98.20,0.06
2022/2/2 1:39:43,8.02,98.19,0.06
2022/2/2 1:40:15,8.02,98.25,0.06
2022/2/2 1:40:47,8.02,98.23,0.06
2022/2/2 1:41:19,8.01,98.25,0.06
2022/2/2 1:41:52,8.05,98.32,0.06
2022/2/2 1:42:24,8.06,98.48,0.06
2022/2/2 1:42:56,8.05,98.48,0.06
2022/2/2 1:43:28,8.04,98.43,0.06
2022/2/2 1:44:00,8.05,98.40,0.06
2022/2/2 1:44:33,8.04,98.35,0.06
2022/2/2 1:45:05,8.04,98.40,0.06
2022/2/2 1:45:37,8.05,98.44,0.06
2022/2/2 1:46:09,8.05,98.49,0.06
2022/2/2 1:46:42,8.05,98.49,0.06
2022/2/2 1:47:14,8.02,98.41,0.06
2022/2/2 1:47:46,8.04,98.37,0.06
2022/2/2 1:48:18,8.02,98.37,0.06
2022/2/2 1:48:50,8.01,98.36,0.06
2022/2/2 1:49:23,7.97,98.27,0.06
2022/2/2 1:49:55,8.00,98.25,0.06
2022/2/2 1:50:27,7.97,98.20,0.06
2022/2/2 1:50:59,7.98,98.22,0.06
2022/2/2 1:51:32,8.02,98.28,0.06
2022/2/2 1:52:04,8.00,98.31,0.06
2022/2/2 1:52:36,8.00,98.30,0.06
2022/2/2 1:53:08,8.00,98.33,0.06
2022/2/2 1:53:41,7.97,98.28,0.06
2022/2/2 1:54:13,8.00,98.28,0.06
2022/2/2 1:54:45,8.01,98.26,0.06
2022/2/2 1:55:17,8.00,98.28,0.06
2022/2/2 1:55:49,7.98,98.32,0.06
2022/2/2 1:56:22,8.01,98.34,0.06
2022/2/2 1:56:54,8.00,98.33,0.06
2022/2/2 1:57:26,8.00,98.37,0.06
2022/2/2 1:57:58,8.04,98.45,0.06
2022/2/2 1:58:31,8.04,98.51,0.06
2022/2/2 1:59:03,8.02,98.52,0.06
2022/2/2 1:59:35,8.04,98.53,0.06
2022/2/2 2:00:07,8.02,98.49,0.06
2022/2/2 2:00:39,8.04,98.44,0.06
2022/2/2 2:01:12,8.02,98.42,0.06
2022/2/2 2:01:44,8.02,98.42,0.06
2022/2/2 2:02:16,8.01,98.34,0.06
2022/2/2 2:02:48,8.00,98.29,0.06
2022/2/2 2:03:21,8.00,98.27,0.06
2022/2/2 2:03:53,8.01,98.22,0.06
2022/2/2 2:04:25,8.01,98.25,0.06
2022/2/2 2:04:57,8.04,98.25,0.06
2022/2/2 2:05:30,8.01,98.33,0.06
2022/2/2 2:06:02,8.02,98.37,0.06
2022/2/2 2:06:34,8.05,98.42,0.06
2022/2/2 2:07:06,8.05,98.42,0.06
2022/2/2 2:07:38,8.05,98.43,0.06
2022/2/2 2:08:11,8.02,98.34,0.06
2022/2/2 2:08:43,8.02,98.30,0.06
2022/2/2 2:09:15,8.02,98.28,0.06
2022/2/2 2:09:47,8.04,98.30,0.06
2022/2/2 2:10:19,8.05,98.39,0.06
2022/2/2 2:10:52,8.04,98.46,0.06
2022/2/2 2:11:24,8.02,98.46,0.06
2022/2/2 2:11:56,8.04,98.37,0.06
2022/2/2 2:12:28,8.05,98.34,0.06
2022/2/2 2:13:01,8.05,98.35,0.06
2022/2/2 2:13:33,8.06,98.42,0.06
2022/2/2 2:14:05,8.04,98.46,0.06
2022/2/2 2:14:37,8.04,98.44,0.06
2022/2/2 2:15:09,8.05,98.41,0.06
2022/2/2 2:15:42,8.05,98.38,0.06
2022/2/2 2:16:14,8.02,98.31,0.06
2022/2/2 2:16:46,8.02,98.27,0.06
2022/2/2 2:17:18,8.02,98.27,0.06
2022/2/2 2:17:51,8.04,98.33,0.06
2022/2/2 2:18:23,8.04,98.37,0.06
2022/2/2 2:18:55,8.06,98.46,0.06
2022/2/2 2:19:27,8.04,98.50,0.06
2022/2/2 2:19:59,8.04,98.47,0.06
2022/2/2 2:20:32,8.05,98.43,0.06
2022/2/2 2:21:04,8.04,98.32,0.06
2022/2/2 2:21:36,8.04,98.28,0.06
2022/2/2 2:22:08,8.02,98.33,0.06
2022/2/2 2:22:41,8.04,98.36,0.06
2022/2/2 2:23:13,8.02,98.34,0.06
2022/2/2 2:23:45,8.05,98.42,0.06
2022/2/2 2:24:17,8.02,98.46,0.06
2022/2/2 2:24:49,8.05,98.40,0.06
2022/2/2 2:25:22,8.04,98.40,0.06
2022/2/2 2:25:54,8.01,98.36,0.06
2022/2/2 2:26:26,8.04,98.35,0.06
2022/2/2 2:26:58,8.02,98.36,0.06
2022/2/2 2:27:31,8.01,98.40,0.06
2022/2/2 2:28:03,8.01,98.36,0.06
2022/2/2 2:28:35,8.01,98.28,0.06
2022/2/2 2:29:07,8.00,98.23,0.06
2022/2/2 2:29:39,7.98,98.23,0.06
2022/2/2 2:30:12,7.98,98.30,0.06
2022/2/2 2:30:44,8.00,98.37,0.06
2022/2/2 2:31:16,8.00,98.44,0.06
2022/2/2 2:31:48,8.01,98.48,0.06
2022/2/2 2:32:21,8.01,98.56,0.06
2022/2/2 2:32:53,8.04,98.60,0.06
2022/2/2 2:33:25,8.01,98.55,0.06
2022/2/2 2:33:57,8.04,98.50,0.06
2022/2/2 2:34:29,8.01,98.45,0.06
2022/2/2 2:35:02,8.02,98.46,0.06
2022/2/2 2:35:34,8.01,98.55,0.06
2022/2/2 2:36:06,8.05,98.60,0.06
2022/2/2 2:36:38,8.02,98.61,0.06
2022/2/2 2:37:11,8.04,98.55,0.06
2022/2/2 2:37:43,8.01,98.44,0.06
2022/2/2 2:38:15,7.97,98.38,0.06
2022/2/2 2:38:47,7.97,98.37,0.06
2022/2/2 2:39:19,7.98,98.41,0.06
2022/2/2 2:39:52,8.00,98.47,0.06
2022/2/2 2:40:24,7.98,98.53,0.06
2022/2/2 2:40:56,8.00,98.49,0.06
2022/2/2 2:41:28,8.01,98.45,0.06
2022/2/2 2:42:01,8.00,98.45,0.06
2022/2/2 2:42:33,7.97,98.41,0.06
2022/2/2 2:43:05,7.97,98.40,0.06
2022/2/2 2:43:37,7.98,98.47,0.06
2022/2/2 2:44:09,7.97,98.49,0.06
2022/2/2 2:44:42,8.00,98.48,0.06
2022/2/2 2:45:14,8.01,98.47,0.06
2022/2/2 2:45:46,7.97,98.48,0.06
2022/2/2 2:46:18,8.00,98.46,0.06
2022/2/2 2:46:51,7.98,98.41,0.06
2022/2/2 2:47:23,7.98,98.46,0.06
2022/2/2 2:47:55,8.02,98.54,0.06
2022/2/2 2:48:27,8.02,98.60,0.06
2022/2/2 2:48:59,8.04,98.62,0.06
2022/2/2 2:49:32,8.04,98.57,0.06
2022/2/2 2:50:04,8.04,98.66,0.06
2022/2/2 2:50:36,8.06,98.61,0.06
2022/2/2 2:51:08,8.04,98.58,0.06
2022/2/2 2:51:40,8.02,98.54,0.06
2022/2/2 2:52:13,8.01,98.53,0.06
2022/2/2 2:52:45,8.02,98.54,0.06
2022/2/2 2:53:17,8.05,98.60,0.06
2022/2/2 2:53:49,8.06,98.67,0.06
2022/2/2 2:54:22,8.06,98.69,0.06
2022/2/2 2:54:54,8.02,98.60,0.06
2022/2/2 2:55:26,8.01,98.49,0.06
2022/2/2 2:55:58,8.01,98.48,0.06
2022/2/2 2:56:30,8.01,98.45,0.06
2022/2/2 2:57:03,8.01,98.44,0.06
2022/2/2 2:57:35,8.01,98.48,0.06
2022/2/2 2:58:07,8.01,98.55,0.06
2022/2/2 2:58:39,8.01,98.60,0.06
2022/2/2 2:59:12,8.02,98.60,0.06
2022/2/2 2:59:44,8.02,98.65,0.06
2022/2/2 3:00:16,8.04,98.66,0.06
2022/2/2 3:00:48,8.01,98.69,0.06
2022/2/2 3:01:20,8.04,98.66,0.06
2022/2/2 3:01:53,8.04,98.64,0.06
2022/2/2 3:02:25,8.02,98.66,0.06
2022/2/2 3:02:57,8.04,98.64,0.06
2022/2/2 3:03:29,8.06,98.77,0.06
2022/2/2 3:04:02,8.08,98.71,0.06
2022/2/2 3:04:34,8.04,98.61,0.06
2022/2/2 3:05:06,8.02,98.54,0.06
2022/2/2 3:05:38,8.01,98.46,0.06
2022/2/2 3:06:10,8.01,98.48,0.06
2022/2/2 3:06:43,8.04,98.54,0.06
2022/2/2 3:07:15,8.02,98.61,0.06
2022/2/2 3:07:47,8.01,98.66,0.06
2022/2/2 3:08:19,8.02,98.60,0.06
2022/2/2 3:08:52,8.02,98.49,0.06
2022/2/2 3:09:24,8.00,98.40,0.06
2022/2/2 3:09:56,7.98,98.36,0.06
2022/2/2 3:10:28,7.98,98.32,0.06
2022/2/2 3:11:00,8.00,98.32,0.06
2022/2/2 3:11:33,7.97,98.41,0.06
2022/2/2 3:12:05,8.00,98.46,0.06
2022/2/2 3:12:37,8.01,98.51,0.06
2022/2/2 3:13:09,8.02,98.59,0.06
2022/2/2 3:13:42,8.05,98.69,0.06
2022/2/2 3:14:14,8.04,98.69,0.06
2022/2/2 3:14:46,8.05,98.65,0.06
2022/2/2 3:15:18,8.05,98.63,0.06
2022/2/2 3:15:50,8.06,98.60,0.06
2022/2/2 3:16:23,8.02,98.53,0.06
2022/2/2 3:16:55,8.04,98.55,0.06
2022/2/2 3:17:27,8.06,98.53,0.06
2022/2/2 3:17:59,8.06,98.60,0.06
2022/2/2 3:18:32,8.06,98.63,0.06
2022/2/2 3:19:04,8.06,98.59,0.06
2022/2/2 3:19:36,8.04,98.63,0.06
2022/2/2 3:20:08,8.08,98.57,0.06
2022/2/2 3:20:40,8.05,98.51,0.06
2022/2/2 3:21:13,8.02,98.51,0.06
2022/2/2 3:21:45,8.06,98.50,0.06
2022/2/2 3:22:17,8.06,98.50,0.06
2022/2/2 3:22:49,8.05,98.50,0.06
2022/2/2 3:23:21,8.04,98.48,0.06
2022/2/2 3:23:54,8.01,98.35,0.06
2022/2/2 3:24:26,8.01,98.25,0.06
2022/2/2 3:24:58,7.98,98.22,0.06
2022/2/2 3:25:30,8.00,98.27,0.06
2022/2/2 3:26:03,8.00,98.27,0.06
2022/2/2 3:26:35,8.00,98.36,0.06
2022/2/2 3:27:07,8.00,98.41,0.06
2022/2/2 3:27:39,7.98,98.39,0.06
2022/2/2 3:28:11,8.04,98.40,0.06
2022/2/2 3:28:44,8.01,98.34,0.06
2022/2/2 3:29:16,8.00,98.36,0.06
2022/2/2 3:29:48,8.00,98.34,0.06
2022/2/2 3:30:20,8.01,98.31,0.06
2022/2/2 3:30:53,8.01,98.36,0.06
2022/2/2 3:31:25,8.01,98.42,0.06
2022/2/2 3:31:57,8.02,98.52,0.06
2022/2/2 3:32:29,8.02,98.58,0.06
2022/2/2 3:33:01,8.05,98.52,0.06
2022/2/2 3:33:34,8.04,98.59,0.06
2022/2/2 3:34:06,8.04,98.56,0.06
2022/2/2 3:34:38,8.06,98.61,0.06
2022/2/2 3:35:10,8.06,98.65,0.06
2022/2/2 3:35:43,8.05,98.62,0.06
2022/2/2 3:36:15,8.04,98.58,0.06
2022/2/2 3:36:47,8.04,98.51,0.06
2022/2/2 3:37:19,8.04,98.43,0.06
2022/2/2 3:37:51,8.01,98.43,0.06
2022/2/2 3:38:24,8.04,98.38,0.06
2022/2/2 3:38:56,8.05,98.40,0.06
2022/2/2 3:39:28,8.02,98.43,0.06
2022/2/2 3:40:00,8.04,98.46,0.06
2022/2/2 3:40:33,8.02,98.47,0.06
2022/2/2 3:41:05,8.05,98.49,0.06
2022/2/2 3:41:37,8.06,98.54,0.06
2022/2/2 3:42:09,8.06,98.61,0.06
2022/2/2 3:42:41,8.08,98.75,0.06
2022/2/2 3:43:14,8.11,98.68,0.06
2022/2/2 3:43:46,8.11,98.65,0.06
2022/2/2 3:44:18,8.08,98.55,0.06
2022/2/2 3:44:50,8.09,98.52,0.06
2022/2/2 3:45:23,8.08,98.48,0.06
2022/2/2 3:45:55,8.09,98.49,0.06
2022/2/2 3:46:27,8.08,98.50,0.06
2022/2/2 3:46:59,8.08,98.52,0.06
2022/2/2 3:47:31,8.09,98.53,0.06
2022/2/2 3:48:04,8.11,98.61,0.06
2022/2/2 3:48:36,8.12,98.59,0.06
2022/2/2 3:49:08,8.11,98.55,0.06
2022/2/2 3:49:40,8.12,98.55,0.06
2022/2/2 3:50:13,8.12,98.57,0.06
2022/2/2 3:50:45,8.11,98.55,0.06
2022/2/2 3:51:17,8.09,98.51,0.06
2022/2/2 3:51:49,8.11,98.53,0.06
2022/2/2 3:52:21,8.11,98.54,0.06
2022/2/2 3:52:54,8.14,98.58,0.06
2022/2/2 3:53:26,8.14,98.63,0.06
2022/2/2 3:53:58,8.14,98.62,0.06
2022/2/2 3:54:30,8.15,98.60,0.06
2022/2/2 3:55:03,8.14,98.64,0.06
2022/2/2 3:55:35,8.15,98.60,0.06
2022/2/2 3:56:07,8.16,98.63,0.06
2022/2/2 3:56:39,8.16,98.63,0.06
2022/2/2 3:57:11,8.15,98.59,0.06
2022/2/2 3:57:44,8.14,98.51,0.06
2022/2/2 3:58:16,8.12,98.43,0.06
2022/2/2 3:58:48,8.12,98.37,0.06
2022/2/2 3:59:20,8.14,98.36,0.06
2022/2/2 3:59:53,8.12,98.38,0.06
2022/2/2 4:00:25,8.14,98.49,0.06
2022/2/2 4:00:57,8.14,98.56,0.06
2022/2/2 4:01:29,8.15,98.60,0.06
2022/2/2 4:02:01,8.14,98.56,0.06
2022/2/2 4:02:34,8.12,98.47,0.06
2022/2/2 4:03:06,8.12,98.40,0.06
2022/2/2 4:03:38,8.12,98.43,0.06
2022/2/2 4:04:10,8.14,98.45,0.06
2022/2/2 4:04:43,8.11,98.43,0.06
2022/2/2 4:05:15,8.15,98.43,0.06
2022/2/2 4:05:47,8.12,98.44,0.06
2022/2/2 4:06:19,8.11,98.40,0.06
2022/2/2 4:06:51,8.12,98.42,0.06
2022/2/2 4:07:24,8.12,98.41,0.06
2022/2/2 4:07:56,8.11,98.45,0.06
2022/2/2 4:08:28,8.15,98.50,0.06
2022/2/2 4:09:00,8.16,98.54,0.06
2022/2/2 4:09:33,8.15,98.53,0.06
2022/2/2 4:10:05,8.14,98.47,0.06
2022/2/2 4:10:37,8.14,98.44,0.06
2022/2/2 4:11:09,8.12,98.39,0.06
2022/2/2 4:11:41,8.15,98.42,0.06
2022/2/2 4:12:14,8.12,98.38,0.06
2022/2/2 4:12:46,8.14,98.42,0.06
2022/2/2 4:13:18,8.16,98.54,0.06
2022/2/2 4:13:50,8.16,98.56,0.06
2022/2/2 4:14:23,8.16,98.62,0.06
2022/2/2 4:14:55,8.18,98.60,0.06
2022/2/2 4:15:27,8.18,98.53,0.06
2022/2/2 4:15:59,8.18,98.48,0.06
2022/2/2 4:16:31,8.20,98.52,0.06
2022/2/2 4:17:04,8.18,98.52,0.06
2022/2/2 4:17:36,8.16,98.54,0.06
2022/2/2 4:18:08,8.16,98.51,0.06
2022/2/2 4:18:40,8.20,98.50,0.06
2022/2/2 4:19:12,8.20,98.51,0.06
2022/2/2 4:19:45,8.20,98.51,0.06
2022/2/2 4:20:17,8.20,98.48,0.06
2022/2/2 4:20:49,8.20,98.45,0.06
2022/2/2 4:21:21,8.20,98.45,0.06
2022/2/2 4:21:54,8.22,98.53,0.06
2022/2/2 4:22:26,8.25,98.54,0.06
2022/2/2 4:22:58,8.25,98.51,0.06
2022/2/2 4:23:30,8.24,98.46,0.06
2022/2/2 4:24:02,8.24,98.41,0.06
2022/2/2 4:24:35,8.25,98.40,0.06
2022/2/2 4:25:07,8.24,98.44,0.06
2022/2/2 4:25:39,8.25,98.52,0.06
2022/2/2 4:26:11,8.29,98.59,0.06
2022/2/2 4:26:44,8.32,98.63,0.06
2022/2/2 4:27:16,8.31,98.58,0.06
2022/2/2 4:27:48,8.33,98.55,0.06
2022/2/2 4:28:20,8.32,98.56,0.06
2022/2/2 4:28:52,8.35,98.52,0.06
2022/2/2 4:29:25,8.36,98.58,0.06
2022/2/2 4:29:57,8.39,98.63,0.06
2022/2/2 4:30:29,8.41,98.64,0.06
2022/2/2 4:31:01,8.41,98.60,0.06
2022/2/2 4:31:34,8.42,98.52,0.06
2022/2/2 4:32:06,8.41,98.48,0.06
2022/2/2 4:32:38,8.42,98.38,0.06
2022/2/2 4:33:10,8.41,98.37,0.06
2022/2/2 4:33:42,8.43,98.38,0.06
2022/2/2 4:34:15,8.45,98.41,0.06
2022/2/2 4:34:47,8.43,98.48,0.06
2022/2/2 4:35:19,8.43,98.39,0.06
2022/2/2 4:35:51,8.45,98.37,0.06
2022/2/2 4:36:24,8.43,98.30,0.06
2022/2/2 4:36:56,8.43,98.25,0.06
2022/2/2 4:37:28,8.42,98.19,0.06
2022/2/2 4:38:00,8.43,98.21,0.06
2022/2/2 4:38:33,8.42,98.21,0.06
2022/2/2 4:39:05,8.46,98.19,0.06
2022/2/2 4:39:37,8.45,98.20,0.06
2022/2/2 4:40:09,8.46,98.26,0.06
2022/2/2 4:40:41,8.48,98.25,0.06
2022/2/2 4:41:14,8.48,98.22,0.06
2022/2/2 4:41:46,8.48,98.23,0.06
2022/2/2 4:42:18,8.48,98.16,0.06
2022/2/2 4:42:50,8.46,98.12,0.06
2022/2/2 4:43:23,8.46,98.05,0.06
2022/2/2 4:43:55,8.43,98.00,0.06
2022/2/2 4:44:27,8.43,97.96,0.06
2022/2/2 4:44:59,8.43,98.01,0.06
2022/2/2 4:45:31,8.45,98.08,0.06
2022/2/2 4:46:04,8.46,98.17,0.06
2022/2/2 4:46:36,8.48,98.31,0.06
2022/2/2 4:47:08,8.49,98.38,0.06
2022/2/2 4:47:40,8.51,98.41,0.06
2022/2/2 4:48:12,8.51,98.37,0.06
2022/2/2 4:48:45,8.48,98.27,0.06
2022/2/2 4:49:17,8.48,98.21,0.06
2022/2/2 4:49:49,8.45,98.17,0.06
2022/2/2 4:50:21,8.46,98.10,0.06
2022/2/2 4:50:54,8.48,98.14,0.06
2022/2/2 4:51:26,8.45,98.14,0.06
2022/2/2 4:51:58,8.45,98.09,0.06
2022/2/2 4:52:30,8.45,98.07,0.06
2022/2/2 4:53:02,8.48,98.10,0.06
2022/2/2 4:53:35,8.46,98.11,0.06
2022/2/2 4:54:07,8.49,98.07,0.06
2022/2/2 4:54:39,8.46,98.11,0.06
2022/2/2 4:55:11,8.46,98.08,0.06
2022/2/2 4:55:43,8.46,98.08,0.06
2022/2/2 4:56:16,8.42,98.06,0.06
2022/2/2 4:56:48,8.43,98.06,0.06
2022/2/2 4:57:20,8.42,98.03,0.06
2022/2/2 4:57:52,8.41,98.03,0.06
2022/2/2 4:58:25,8.41,98.03,0.06
2022/2/2 4:58:57,8.41,98.02,0.06
2022/2/2 4:59:29,8.41,98.08,0.06
2022/2/2 5:00:01,8.39,98.17,0.06
2022/2/2 5:00:33,8.41,98.16,0.06
2022/2/2 5:01:06,8.39,98.26,0.06
2022/2/2 5:01:38,8.41,98.21,0.06
2022/2/2 5:02:10,8.39,98.28,0.06
2022/2/2 5:02:42,8.43,98.40,0.06
2022/2/2 5:03:15,8.42,98.45,0.06
2022/2/2 5:03:47,8.42,98.46,0.06
2022/2/2 5:04:19,8.41,98.36,0.06
2022/2/2 5:04:51,8.39,98.24,0.06
2022/2/2 5:05:23,8.38,98.13,0.06
2022/2/2 5:05:56,8.35,98.12,0.06
2022/2/2 5:06:28,8.36,98.12,0.06
2022/2/2 5:07:00,8.32,98.08,0.06
2022/2/2 5:07:32,8.35,98.08,0.06
2022/2/2 5:08:05,8.36,98.14,0.06
2022/2/2 5:08:37,8.33,98.19,0.06
2022/2/2 5:09:09,8.35,98.22,0.06
2022/2/2 5:09:41,8.33,98.18,0.06
2022/2/2 5:10:13,8.35,98.23,0.06
2022/2/2 5:10:46,8.33,98.19,0.06
2022/2/2 5:11:18,8.33,98.20,0.06
2022/2/2 5:11:50,8.29,98.25,0.06
2022/2/2 5:12:22,8.35,98.28,0.06
2022/2/2 5:12:55,8.32,98.36,0.06
2022/2/2 5:13:27,8.32,98.40,0.06
2022/2/2 5:13:59,8.33,98.40,0.06
2022/2/2 5:14:31,8.33,98.40,0.06
2022/2/2 5:15:03,8.32,98.31,0.06
2022/2/2 5:15:36,8.29,98.25,0.06
2022/2/2 5:16:08,8.29,98.21,0.06
2022/2/2 5:16:40,8.28,98.32,0.06
2022/2/2 5:17:12,8.31,98.34,0.06
2022/2/2 5:17:45,8.28,98.41,0.06
2022/2/2 5:18:17,8.29,98.43,0.06
2022/2/2 5:18:49,8.27,98.32,0.06
2022/2/2 5:19:21,8.27,98.31,0.06
2022/2/2 5:19:53,8.24,98.33,0.06
2022/2/2 5:20:26,8.25,98.42,0.06
2022/2/2 5:20:58,8.27,98.50,0.06
2022/2/2 5:21:30,8.27,98.43,0.06
2022/2/2 5:22:02,8.24,98.43,0.06
2022/2/2 5:22:35,8.24,98.35,0.06
2022/2/2 5:23:07,8.18,98.25,0.06
2022/2/2 5:23:39,8.18,98.20,0.06
2022/2/2 5:24:11,8.16,98.21,0.06
2022/2/2 5:24:43,8.15,98.27,0.06
2022/2/2 5:25:16,8.18,98.33,0.06
2022/2/2 5:25:48,8.15,98.42,0.06
2022/2/2 5:26:20,8.15,98.41,0.06
2022/2/2 5:26:52,8.16,98.41,0.06
2022/2/2 5:27:24,8.15,98.43,0.06
2022/2/2 5:27:57,8.14,98.37,0.06
2022/2/2 5:28:29,8.16,98.38,0.06
2022/2/2 5:29:01,8.15,98.36,0.06
2022/2/2 5:29:33,8.12,98.33,0.06
2022/2/2 5:30:06,8.12,98.37,0.06
2022/2/2 5:30:38,8.15,98.43,0.06
2022/2/2 5:31:10,8.14,98.40,0.06
2022/2/2 5:31:42,8.14,98.37,0.06
2022/2/2 5:32:14,8.09,98.29,0.06
2022/2/2 5:32:47,8.08,98.27,0.06
2022/2/2 5:33:19,8.08,98.27,0.06
2022/2/2 5:33:51,8.08,98.31,0.06
2022/2/2 5:34:23,8.08,98.38,0.06
2022/2/2 5:34:56,8.08,98.50,0.06
2022/2/2 5:35:28,8.08,98.49,0.06
2022/2/2 5:36:00,8.08,98.45,0.06
2022/2/2 5:36:32,8.06,98.50,0.06
2022/2/2 5:37:05,8.08,98.48,0.06
2022/2/2 5:37:37,8.08,98.49,0.06
2022/2/2 5:38:09,8.08,98.46,0.06
2022/2/2 5:38:41,8.04,98.43,0.06
2022/2/2 5:39:13,8.04,98.41,0.06
2022/2/2 5:39:46,8.04,98.49,0.06
2022/2/2 5:40:18,8.02,98.49,0.06
2022/2/2 5:40:50,8.04,98.47,0.06
2022/2/2 5:41:22,8.05,98.54,0.06
2022/2/2 5:41:54,8.02,98.63,0.06
2022/2/2 5:42:27,8.05,98.65,0.06
2022/2/2 5:42:59,8.02,98.65,0.06
2022/2/2 5:43:31,8.04,98.60,0.06
2022/2/2 5:44:03,8.01,98.53,0.06
2022/2/2 5:44:36,8.00,98.49,0.06
2022/2/2 5:45:08,7.98,98.46,0.06
2022/2/2 5:45:40,7.97,98.49,0.06
2022/2/2 5:46:12,7.98,98.58,0.06
2022/2/2 5:46:44,8.00,98.66,0.06
2022/2/2 5:47:17,8.02,98.78,0.06
2022/2/2 5:47:49,8.04,98.85,0.06
2022/2/2 5:48:21,8.04,98.93,0.06
2022/2/2 5:48:53,8.04,98.91,0.06
2022/2/2 5:49:26,8.02,98.86,0.06
2022/2/2 5:49:58,8.05,98.91,0.06
2022/2/2 5:50:30,8.04,98.87,0.06
2022/2/2 5:51:02,8.02,98.89,0.06
2022/2/2 5:51:34,8.02,98.83,0.06
2022/2/2 5:52:07,8.02,98.76,0.06
2022/2/2 5:52:39,8.01,98.71,0.06
2022/2/2 5:53:11,8.00,98.68,0.06
2022/2/2 5:53:43,8.00,98.55,0.06
2022/2/2 5:54:16,7.97,98.48,0.06
2022/2/2 5:54:48,7.94,98.45,0.06
2022/2/2 5:55:20,7.94,98.48,0.06
2022/2/2 5:55:52,7.94,98.48,0.06
2022/2/2 5:56:24,7.92,98.47,0.06
2022/2/2 5:56:57,7.90,98.41,0.06
2022/2/2 5:57:29,7.88,98.37,0.06
2022/2/2 5:58:01,7.90,98.36,0.06
2022/2/2 5:58:33,7.88,98.38,0.06
2022/2/2 5:59:06,7.84,98.40,0.06
2022/2/2 5:59:38,7.87,98.45,0.06
2022/2/2 6:00:10,7.88,98.52,0.06
2022/2/2 6:00:42,7.85,98.49,0.06
2022/2/2 6:01:14,7.87,98.55,0.06
2022/2/2 6:01:47,7.87,98.62,0.06
2022/2/2 6:02:19,7.85,98.69,0.06
2022/2/2 6:02:51,7.88,98.72,0.06
2022/2/2 6:03:23,7.88,98.75,0.06
2022/2/2 6:03:56,7.90,98.80,0.06
2022/2/2 6:04:28,7.88,98.79,0.06
2022/2/2 6:05:00,7.87,98.80,0.06
2022/2/2 6:05:32,7.88,98.70,0.06
2022/2/2 6:06:04,7.85,98.68,0.06
2022/2/2 6:06:37,7.84,98.60,0.06
2022/2/2 6:07:09,7.85,98.64,0.06
2022/2/2 6:07:41,7.85,98.69,0.06
2022/2/2 6:08:13,7.84,98.72,0.06
2022/2/2 6:08:46,7.85,98.68,0.06
2022/2/2 6:09:18,7.85,98.67,0.06
2022/2/2 6:09:50,7.81,98.64,0.06
2022/2/2 6:10:22,7.82,98.68,0.06
2022/2/2 6:10:54,7.82,98.68,0.06
2022/2/2 6:11:27,7.85,98.70,0.06
2022/2/2 6:11:59,7.85,98.76,0.06
2022/2/2 6:12:31,7.82,98.75,0.06
2022/2/2 6:13:03,7.81,98.65,0.06
2022/2/2 6:13:36,7.80,98.59,0.06
2022/2/2 6:14:08,7.80,98.48,0.06
2022/2/2 6:14:40,7.77,98.53,0.06
2022/2/2 6:15:12,7.77,98.50,0.06
2022/2/2 6:15:45,7.76,98.60,0.06
2022/2/2 6:16:17,7.80,98.70,0.06
2022/2/2 6:16:49,7.80,98.80,0.06
2022/2/2 6:17:21,7.80,98.84,0.06
2022/2/2 6:17:53,7.80,98.80,0.06
2022/2/2 6:18:26,7.77,98.75,0.06
2022/2/2 6:18:58,7.78,98.72,0.06
2022/2/2 6:19:30,7.78,98.75,0.06
2022/2/2 6:20:02,7.78,98.73,0.06
2022/2/2 6:20:35,7.78,98.71,0.06
2022/2/2 6:21:07,7.74,98.63,0.06
2022/2/2 6:21:39,7.76,98.56,0.06
2022/2/2 6:22:11,7.76,98.51,0.06
2022/2/2 6:22:43,7.73,98.59,0.13
2022/2/2 6:23:16,7.76,98.66,0.13
2022/2/2 6:23:48,7.76,98.71,0.13
2022/2/2 6:24:20,7.76,98.74,0.19
2022/2/2 6:24:52,7.74,98.63,0.19
2022/2/2 6:25:24,7.69,98.59,0.19
2022/2/2 6:25:57,7.70,98.59,0.25
2022/2/2 6:26:29,7.71,98.63,0.25
2022/2/2 6:27:01,7.71,98.70,0.25
2022/2/2 6:27:33,7.69,98.66,0.25
2022/2/2 6:28:06,7.71,98.65,0.31
2022/2/2 6:28:38,7.71,98.73,0.38
2022/2/2 6:29:10,7.70,98.74,0.44
2022/2/2 6:29:42,7.70,98.75,0.50
2022/2/2 6:30:14,7.73,98.69,0.57
2022/2/2 6:30:47,7.70,98.72,0.63
2022/2/2 6:31:19,7.69,98.75,0.76
2022/2/2 6:31:51,7.71,98.86,0.82
2022/2/2 6:32:23,7.73,98.89,0.94
2022/2/2 6:32:56,7.70,98.90,1.13
2022/2/2 6:33:28,7.73,98.87,1.32
2022/2/2 6:34:00,7.67,98.82,1.51
2022/2/2 6:34:32,7.69,98.77,1.70
2022/2/2 6:35:04,7.71,98.84,2.02
2022/2/2 6:35:37,7.69,98.80,2.33
2022/2/2 6:36:09,7.71,98.84,2.65
2022/2/2 6:36:41,7.70,98.81,3.09
2022/2/2 6:37:13,7.69,98.87,3.59
2022/2/2 6:37:46,7.69,98.82,4.09
2022/2/2 6:38:18,7.67,98.82,4.79
2022/2/2 6:38:50,7.67,98.83,5.36
2022/2/2 6:39:22,7.69,98.87,6.17
2022/2/2 6:39:54,7.67,98.87,7.12
2022/2/2 6:40:27,7.69,98.92,8.13
2022/2/2 6:40:59,7.70,98.84,9.32
2022/2/2 6:41:31,7.64,98.65,10.71
2022/2/2 6:42:03,7.63,98.60,12.41
2022/2/2 6:42:36,7.63,98.59,14.36
2022/2/2 6:43:08,7.60,98.53,8.19
2022/2/2 6:43:40,7.60,98.59,9.51
2022/2/2 6:44:12,7.60,98.72,10.84
2022/2/2 6:44:44,7.61,98.73,12.28
2022/2/2 6:45:17,7.60,98.68,13.73
2022/2/2 6:45:49,7.63,98.70,15.18
2022/2/2 6:46:21,7.61,98.78,33.52
2022/2/2 6:46:53,7.61,98.78,37.30
2022/2/2 6:47:25,7.63,98.81,41.08
2022/2/2 6:47:58,7.61,98.83,45.86
2022/2/2 6:48:30,7.61,98.82,51.66
2022/2/2 6:49:02,7.60,98.84,57.71
2022/2/2 6:49:34,7.61,98.85,64.51
2022/2/2 6:50:07,7.63,98.89,72.07
2022/2/2 6:50:39,7.63,98.91,80.64
2022/2/2 6:51:11,7.66,98.93,89.71
2022/2/2 6:51:43,7.61,98.90,98.78
2022/2/2 6:52:15,7.60,98.81,108.36
2022/2/2 6:52:48,7.59,98.81,119.45
2022/2/2 6:53:20,7.60,98.83,131.04
2022/2/2 6:53:52,7.57,98.72,145.15
2022/2/2 6:54:24,7.60,98.76,161.28
2022/2/2 6:54:56,7.59,98.68,180.43
2022/2/2 6:55:29,7.59,98.69,199.58
2022/2/2 6:56:01,7.56,98.73,215.71
2022/2/2 6:56:33,7.57,98.79,231.84
2022/2/2 6:57:05,7.60,98.81,248.98
2022/2/2 6:57:38,7.56,98.75,272.16
2022/2/2 6:58:10,7.56,98.70,294.34
2022/2/2 6:58:42,7.56,98.68,316.51
2022/2/2 6:59:14,7.57,98.69,346.75
2022/2/2 6:59:46,7.59,98.76,379.01
2022/2/2 7:00:19,7.57,98.81,403.20
2022/2/2 7:00:51,7.61,98.87,413.28
2022/2/2 7:01:23,7.59,98.88,425.38
2022/2/2 7:01:55,7.60,98.86,447.55
2022/2/2 7:02:28,7.59,98.84,469.73
2022/2/2 7:03:00,7.60,98.76,487.87
2022/2/2 7:03:32,7.60,98.74,508.03
2022/2/2 7:04:04,7.59,98.64,528.19
2022/2/2 7:04:36,7.59,98.53,556.42
2022/2/2 7:05:09,7.57,98.44,580.61
2022/2/2 7:05:41,7.56,98.39,604.80
2022/2/2 7:06:13,7.54,98.34,633.02
2022/2/2 7:06:45,7.56,98.20,665.28
2022/2/2 7:07:18,7.59,97.72,701.57
2022/2/2 7:07:50,7.63,96.90,729.79
2022/2/2 7:08:22,7.69,96.22,745.92
2022/2/2 7:08:54,7.70,96.03,762.05
2022/2/2 7:09:26,7.74,95.20,794.30
2022/2/2 7:09:59,7.77,94.55,826.56
2022/2/2 7:10:31,7.78,94.34,850.75
2022/2/2 7:11:03,7.78,93.77,874.94
2022/2/2 7:11:35,7.78,92.49,899.14
2022/2/2 7:12:08,7.82,91.58,923.33
2022/2/2 7:12:40,7.82,90.71,951.55
2022/2/2 7:13:12,7.88,90.62,975.74
2022/2/2 7:13:44,7.91,91.36,995.90
2022/2/2 7:14:16,7.94,91.71,1016.06
2022/2/2 7:14:49,7.94,90.97,1040.26
2022/2/2 7:15:21,7.97,90.74,1064.45
2022/2/2 7:15:53,7.97,90.17,1080.58
2022/2/2 7:16:25,7.97,89.47,1104.77
2022/2/2 7:16:58,7.95,89.07,1128.96
2022/2/2 7:17:30,7.95,89.68,1169.28
2022/2/2 7:18:02,7.97,89.65,1217.66
2022/2/2 7:18:34,8.00,89.55,1274.11
2022/2/2 7:19:06,8.01,89.44,1362.82
2022/2/2 7:19:39,8.05,89.59,1483.78
2022/2/2 7:20:11,8.11,89.74,1604.74
2022/2/2 7:20:43,8.12,89.27,1653.12
2022/2/2 7:21:15,8.14,89.41,1612.80
2022/2/2 7:21:48,8.14,89.40,1669.25
2022/2/2 7:22:20,8.11,88.89,1790.21
2022/2/2 7:22:52,8.12,88.50,1766.02
2022/2/2 7:23:24,8.11,88.02,1669.25
2022/2/2 7:23:56,8.12,87.49,1620.86
2022/2/2 7:24:29,8.16,88.58,1612.80
2022/2/2 7:25:01,8.18,87.91,1717.63
2022/2/2 7:25:33,8.24,87.92,1757.95
2022/2/2 7:26:05,8.25,88.09,1814.40
2022/2/2 7:26:38,8.28,88.26,1903.10
2022/2/2 7:27:10,8.31,88.86,2064.38
2022/2/2 7:27:42,8.32,89.03,2419.20
2022/2/2 7:28:14,8.33,88.53,2774.02
2022/2/2 7:28:47,8.36,88.28,2693.38
2022/2/2 7:29:19,8.38,87.49,2532.10
2022/2/2 7:29:51,8.39,87.52,2257.92
2022/2/2 7:30:23,8.43,87.53,2209.54
2022/2/2 7:30:55,8.48,86.97,2241.79
2022/2/2 7:31:28,8.46,87.14,2112.77
2022/2/2 7:32:00,8.52,87.12,1927.30
2022/2/2 7:32:32,8.56,87.19,1862.78
2022/2/2 7:33:04,8.57,87.84,1935.36
2022/2/2 7:33:36,8.57,87.45,2128.90
2022/2/2 7:34:09,8.60,87.02,2596.61
2022/2/2 7:34:41,8.60,87.09,2999.81
2022/2/2 7:35:13,8.65,87.70,3290.11
2022/2/2 7:35:45,8.67,87.78,3386.88
2022/2/2 7:36:18,8.70,87.09,3515.90
2022/2/2 7:36:50,8.75,86.92,3661.06
2022/2/2 7:37:22,8.79,86.59,3757.82
2022/2/2 7:37:54,8.79,86.52,3451.39
2022/2/2 7:38:26,8.84,87.05,3080.45
2022/2/2 7:38:59,8.87,87.91,3032.06
2022/2/2 7:39:31,8.88,87.39,3273.98
2022/2/2 7:40:03,8.91,86.93,3257.86
2022/2/2 7:40:35,8.97,87.19,3112.70
2022/2/2 7:41:08,8.97,87.35,2762.91
2022/2/2 7:41:40,9.03,87.74,2741.76
2022/2/2 7:42:12,9.06,87.08,2870.78
2022/2/2 7:42:44,9.06,86.94,2967.55
2022/2/2 7:43:16,9.10,86.11,3144.96
2022/2/2 7:43:49,9.08,85.04,3419.14
2022/2/2 7:44:21,9.16,85.78,3564.29
2022/2/2 7:44:53,9.17,86.12,3661.06
2022/2/2 7:45:25,9.21,85.42,3741.70
2022/2/2 7:45:58,9.24,85.28,3709.44
2022/2/2 7:46:30,9.27,85.25,3548.16
2022/2/2 7:47:02,9.30,85.67,3612.67
2022/2/2 7:47:34,9.34,85.11,3596.54
2022/2/2 7:48:06,9.34,84.69,3644.93
2022/2/2 7:48:39,9.38,84.86,3951.36
2022/2/2 7:49:11,9.42,85.34,4290.05
2022/2/2 7:49:43,9.48,84.92,4806.14
2022/2/2 7:50:15,9.55,85.15,5031.94
2022/2/2 7:50:48,9.58,85.24,5193.22
2022/2/2 7:51:20,9.61,84.96,5225.47
2022/2/2 7:51:52,9.66,85.02,5193.22
2022/2/2 7:52:24,9.72,85.76,5128.70
2022/2/2 7:52:56,9.78,85.41,5289.98
2022/2/2 7:53:29,9.82,85.45,5806.08
2022/2/2 7:54:01,9.90,85.18,6257.66
2022/2/2 7:54:33,9.95,85.80,6773.76
2022/2/2 7:55:05,10.03,85.01,7193.09
2022/2/2 7:55:38,10.12,84.50,7322.11
2022/2/2 7:56:10,10.17,84.05,7580.16
2022/2/2 7:56:42,10.27,83.40,7741.44
2022/2/2 7:57:14,10.36,83.47,7934.98
2022/2/2 7:57:46,10.43,83.99,7580.16
2022/2/2 7:58:19,10.50,84.07,6999.55
2022/2/2 7:58:51,10.57,83.98,6870.53
2022/2/2 7:59:23,10.64,83.53,7031.81
2022/2/2 7:59:55,10.72,83.21,6902.78
2022/2/2 8:00:28,10.78,82.71,7580.16
2022/2/2 8:01:00,10.88,83.22,8773.63
2022/2/2 8:01:32,11.00,82.56,9031.68
2022/2/2 8:02:04,11.05,79.76,8709.12
2022/2/2 8:02:36,11.18,78.25,8644.61
2022/2/2 8:03:09,11.25,76.37,8386.56
2022/2/2 8:03:41,11.42,78.41,8128.51
2022/2/2 8:04:13,11.53,80.79,7805.95
2022/2/2 8:04:45,11.62,79.23,7612.42
2022/2/2 8:05:18,11.66,79.52,8160.77
2022/2/2 8:05:50,11.79,80.42,8515.58
2022/2/2 8:06:22,11.84,80.08,8322.05
2022/2/2 8:06:54,11.90,78.26,7451.14
2022/2/2 8:07:26,11.93,76.65,6709.25
2022/2/2 8:07:59,11.96,76.47,7354.37
2022/2/2 8:08:31,12.05,76.73,8160.77
2022/2/2 8:09:03,12.10,78.02,8322.05
2022/2/2 8:09:35,12.14,78.44,7676.93
2022/2/2 8:10:08,12.20,76.86,7289.86
2022/2/2 8:10:40,12.21,76.63,7580.16
2022/2/2 8:11:12,12.25,76.23,8257.54
2022/2/2 8:11:44,12.28,75.95,8515.58
2022/2/2 8:12:16,12.35,74.01,8451.07
2022/2/2 8:12:49,12.45,68.36,8709.12
2022/2/2 8:13:21,12.56,66.38,9225.22
2022/2/2 8:13:53,12.72,64.55,9934.85
2022/2/2 8:14:25,12.89,63.97,10128.38
2022/2/2 8:14:58,13.03,64.99,9612.29
2022/2/2 8:15:30,13.13,64.16,8160.77
2022/2/2 8:16:02,13.25,63.44,7805.95
2022/2/2 8:16:34,13.33,64.50,7999.49
2022/2/2 8:17:06,13.42,64.48,8160.77
2022/2/2 8:17:39,13.49,64.21,8902.66
2022/2/2 8:18:11,13.56,64.95,9805.82
2022/2/2 8:18:43,13.64,65.02,10386.43
2022/2/2 8:19:15,13.67,65.48,10644.48
2022/2/2 8:19:48,13.78,65.18,10450.94
2022/2/2 8:20:20,13.80,64.78,10192.90
2022/2/2 8:20:52,13.90,64.37,10838.02
2022/2/2 8:21:24,14.01,63.98,10967.04
2022/2/2 8:21:56,14.09,63.97,11160.58
2022/2/2 8:22:29,14.22,62.21,11741.18
2022/2/2 8:23:01,14.31,62.50,12063.74
2022/2/2 8:23:33,14.42,62.40,12579.84
2022/2/2 8:24:05,14.48,61.82,12386.30
2022/2/2 8:24:38,14.60,60.71,11483.14
2022/2/2 8:25:10,14.63,61.21,10644.48
2022/2/2 8:25:42,14.70,62.23,10838.02
2022/2/2 8:26:14,14.80,62.23,11483.14
2022/2/2 8:26:47,14.84,61.55,11547.65
2022/2/2 8:27:19,14.89,62.41,10902.53
2022/2/2 8:27:51,14.94,60.82,10838.02
2022/2/2 8:28:23,15.00,61.67,11225.09
2022/2/2 8:28:55,14.99,59.98,10967.04
2022/2/2 8:29:28,15.01,60.15,9805.82
2022/2/2 8:30:00,15.03,60.09,9354.24
2022/2/2 8:30:32,15.07,57.58,9160.70
2022/2/2 8:31:04,15.10,56.54,10773.50
2022/2/2 8:31:37,15.20,57.36,10579.97
2022/2/2 8:32:09,15.27,57.55,9999.36
2022/2/2 8:32:41,15.31,58.39,9418.75
2022/2/2 8:33:13,15.33,59.21,9160.70
2022/2/2 8:33:45,15.34,58.65,8838.14
2022/2/2 8:34:18,15.33,57.81,9031.68
2022/2/2 8:34:50,15.31,57.24,11096.06
2022/2/2 8:35:22,15.31,59.05,12386.30
2022/2/2 8:35:54,15.38,58.65,11354.11
2022/2/2 8:36:27,15.40,59.01,9805.82
2022/2/2 8:36:59,15.44,58.46,11004.31
2022/2/2 8:37:31,15.54,57.25,17031.17
2022/2/2 8:38:03,15.57,57.67,17031.17
2022/2/2 8:38:36,15.64,57.25,14380.44
2022/2/2 8:39:08,15.68,57.74,15869.95
2022/2/2 8:39:40,15.81,58.78,17934.34
2022/2/2 8:40:12,15.89,58.66,18192.38
2022/2/2 8:40:44,15.94,58.26,11483.14
2022/2/2 8:41:17,15.99,57.37,19095.55
2022/2/2 8:41:49,16.12,55.12,20514.82
2022/2/2 8:42:21,16.20,55.88,21288.96
2022/2/2 8:42:53,16.36,55.62,22321.15
2022/2/2 8:43:26,16.52,55.63,23445.10
2022/2/2 8:43:58,16.64,55.51,23998.46
2022/2/2 8:44:30,16.78,54.59,22063.10
2022/2/2 8:45:02,16.88,55.18,22303.95
2022/2/2 8:45:34,17.07,56.00,23353.35
2022/2/2 8:46:07,17.21,52.38,24127.49
2022/2/2 8:46:39,17.35,53.15,24073.01
2022/2/2 8:47:11,17.32,52.83,12192.77
2022/2/2 8:47:43,17.29,52.61,13547.52
2022/2/2 8:48:16,17.53,50.99,23740.42
2022/2/2 8:48:48,17.72,51.08,25030.66
2022/2/2 8:49:20,17.89,51.46,26578.94
2022/2/2 8:49:52,18.01,51.45,26707.97
2022/2/2 8:50:25,18.20,50.71,26836.99
2022/2/2 8:50:57,18.34,48.70,26707.97
2022/2/2 8:51:29,18.46,48.36,26707.97
2022/2/2 8:52:01,18.61,49.63,21676.03
2022/2/2 8:52:33,18.60,49.95,15160.32
2022/2/2 8:53:06,18.51,50.89,17160.19
2022/2/2 8:53:38,18.47,50.15,24772.61
2022/2/2 8:54:10,18.46,50.48,13232.13
2022/2/2 8:54:42,18.52,47.22,24256.51
2022/2/2 8:55:15,18.43,49.88,10579.97
2022/2/2 8:55:47,18.26,48.40,12413.54
2022/2/2 8:56:19,18.26,49.90,15031.30
2022/2/2 8:56:51,18.44,50.23,17160.19
2022/2/2 8:57:23,18.36,51.03,17567.33
2022/2/2 8:57:56,18.75,50.64,32514.05
2022/2/2 8:58:28,18.94,50.91,31868.93
2022/2/2 8:59:00,18.85,51.04,20101.94
2022/2/2 8:59:32,18.92,49.25,22192.13
2022/2/2 9:00:05,18.74,48.31,11354.11
2022/2/2 9:00:37,18.61,48.74,10386.43
2022/2/2 9:01:09,18.46,49.48,8773.63
2022/2/2 9:01:41,18.62,47.25,15418.37
2022/2/2 9:02:13,18.40,47.32,17547.27
2022/2/2 9:02:46,18.46,47.10,17547.27
2022/2/2 9:03:18,18.40,48.36,13997.67
2022/2/2 9:03:50,18.62,48.49,25417.73
2022/2/2 9:04:22,18.40,50.07,13224.96
2022/2/2 9:04:55,18.36,49.27,15669.25
2022/2/2 9:05:27,18.70,49.53,27998.21
2022/2/2 9:05:59,18.61,49.19,14773.25
2022/2/2 9:06:31,18.46,47.46,14644.22
2022/2/2 9:07:04,18.68,48.67,14644.22
2022/2/2 9:07:36,18.72,47.44,13031.42
2022/2/2 9:08:08,18.52,47.87,12128.26
2022/2/2 9:08:40,18.43,48.68,11289.60
2022/2/2 9:09:12,18.27,48.76,10967.04
2022/2/2 9:09:45,18.31,48.17,13999.10
2022/2/2 9:10:17,18.33,47.71,13160.45
2022/2/2 9:10:49,18.16,45.48,12386.30
2022/2/2 9:11:21,18.16,46.66,13051.50
2022/2/2 9:11:54,18.21,48.08,27869.18
2022/2/2 9:12:26,18.74,46.23,31352.83
2022/2/2 9:12:58,19.03,45.03,31868.93
2022/2/2 9:13:30,19.34,45.18,31223.81
2022/2/2 9:14:02,19.76,42.49,32385.02
2022/2/2 9:14:35,20.11,44.59,29804.54
2022/2/2 9:15:07,20.39,43.86,29159.42
2022/2/2 9:15:39,20.64,43.02,28772.36
2022/2/2 9:16:11,20.87,43.42,28772.36
2022/2/2 9:16:44,21.05,41.16,29030.40
2022/2/2 9:17:16,21.27,41.56,28643.33
2022/2/2 9:17:48,21.43,42.07,29546.50
2022/2/2 9:18:20,21.56,39.92,30062.60
2022/2/2 9:18:53,21.80,39.98,31610.88
2022/2/2 9:19:25,22.05,39.39,32772.10
2022/2/2 9:19:57,22.01,39.94,24095.95
2022/2/2 9:20:29,21.85,40.15,34320.38
2022/2/2 9:21:01,22.12,39.84,34578.43
2022/2/2 9:21:34,22.42,38.75,35868.67
2022/2/2 9:22:06,22.67,37.90,36642.82
2022/2/2 9:22:38,22.67,35.56,37416.96
2022/2/2 9:23:10,22.96,35.99,35352.58
2022/2/2 9:23:43,23.13,36.38,32514.05
2022/2/2 9:24:15,23.28,35.62,32164.25
2022/2/2 9:24:47,23.41,35.35,32772.10
2022/2/2 9:25:19,23.51,35.91,33030.14
2022/2/2 9:25:52,23.61,36.25,34836.48
2022/2/2 9:26:24,23.55,35.42,33288.20
2022/2/2 9:26:56,23.34,34.60,28758.02
2022/2/2 9:27:28,22.96,35.16,14128.13
2022/2/2 9:28:00,23.09,36.36,39481.34
2022/2/2 9:28:33,22.80,36.93,14790.45
2022/2/2 9:29:05,22.58,36.44,14515.20
2022/2/2 9:29:37,22.25,37.28,38390.38
2022/2/2 9:30:09,22.53,37.09,17805.31
2022/2/2 9:30:42,22.29,36.37,36126.72
2022/2/2 9:31:14,22.62,35.65,36092.32
2022/2/2 9:31:46,22.62,34.33,34062.34
2022/2/2 9:32:18,22.09,37.23,16515.07
2022/2/2 9:32:51,22.21,36.49,20747.06
2022/2/2 9:33:23,21.85,36.84,27353.09
2022/2/2 9:33:55,21.53,38.07,12386.30
2022/2/2 9:34:27,21.27,38.93,10967.04
2022/2/2 9:34:59,21.22,38.85,11160.58
2022/2/2 9:35:32,21.02,39.65,14450.69
2022/2/2 9:36:04,21.53,37.10,43094.02
2022/2/2 9:36:36,21.76,37.12,19740.67
2022/2/2 9:37:08,21.48,38.42,13245.03
2022/2/2 9:37:41,21.65,37.14,40771.59
2022/2/2 9:38:13,22.05,37.19,37933.06
2022/2/2 9:38:45,21.70,38.17,15676.42
2022/2/2 9:39:17,21.95,37.10,38965.25
2022/2/2 9:39:49,22.13,36.56,38449.16
2022/2/2 9:40:22,22.34,35.50,40513.54
2022/2/2 9:40:54,22.60,36.97,35094.53
2022/2/2 9:41:26,22.55,37.20,24548.97
2022/2/2 9:41:58,22.80,37.29,45158.40
2022/2/2 9:42:31,23.20,35.24,45674.50
2022/2/2 9:43:03,23.27,34.98,45416.45
2022/2/2 9:43:35,23.14,35.60,18063.36
2022/2/2 9:44:07,23.42,33.85,40255.49
2022/2/2 9:44:39,23.72,33.22,39481.34
2022/2/2 9:45:12,23.95,33.62,40513.54
2022/2/2 9:45:44,24.03,32.94,33821.49
2022/2/2 9:46:16,23.81,34.03,31868.93
2022/2/2 9:46:48,24.19,33.34,44642.31
2022/2/2 9:47:21,24.42,32.88,41545.73
2022/2/2 9:47:53,24.63,32.30,35610.62
2022/2/2 9:48:25,24.53,32.30,34062.34
2022/2/2 9:48:57,24.71,32.11,40513.54
2022/2/2 9:49:30,24.40,29.65,19740.67
2022/2/2 9:50:02,24.47,31.12,38185.37
2022/2/2 9:50:34,24.43,31.24,26966.02
2022/2/2 9:51:06,24.23,33.36,47222.79
2022/2/2 9:51:38,24.74,31.63,47480.84
2022/2/2 9:52:11,24.91,31.59,42835.97
2022/2/2 9:52:43,25.11,30.72,42302.67
2022/2/2 9:53:15,25.26,30.09,41803.78
2022/2/2 9:53:47,25.41,30.93,41803.78
2022/2/2 9:54:20,25.55,30.77,41803.78
2022/2/2 9:54:52,25.66,29.76,40513.54
2022/2/2 9:55:24,25.76,28.60,41803.78
2022/2/2 9:55:56,25.85,30.68,42061.83
2022/2/2 9:56:28,25.86,29.29,42319.87
2022/2/2 9:57:01,25.86,28.38,43868.16
2022/2/2 9:57:33,25.85,28.74,43610.11
2022/2/2 9:58:05,25.83,29.20,44384.26
2022/2/2 9:58:37,25.85,28.70,46448.64
2022/2/2 9:59:10,25.90,29.53,48254.98
2022/2/2 9:59:42,26.06,28.45,49803.27
2022/2/2 10:00:14,26.24,29.54,53157.89
2022/2/2 10:00:46,26.36,29.39,55996.41
2022/2/2 10:01:18,26.67,28.15,53673.99
2022/2/2 10:01:51,26.60,28.30,48254.98
2022/2/2 10:02:23,25.92,27.89,18708.48
2022/2/2 10:02:55,26.30,28.12,46706.69
2022/2/2 10:03:27,26.47,28.57,48771.07
2022/2/2 10:04:00,26.50,27.80,37933.06
2022/2/2 10:04:32,26.26,28.84,49545.21
2022/2/2 10:05:04,26.47,29.21,52383.74
2022/2/2 10:05:36,26.00,28.42,30191.62
2022/2/2 10:06:08,26.30,28.04,52899.84
2022/2/2 10:06:41,26.48,28.97,51609.60
2022/2/2 10:07:13,26.48,27.94,49803.27
2022/2/2 10:07:45,26.58,28.14,50319.37
2022/2/2 10:08:17,26.64,27.98,48771.07
2022/2/2 10:08:50,26.77,29.33,47738.89
2022/2/2 10:09:22,26.94,27.88,45416.45
2022/2/2 10:09:54,26.99,27.04,44642.31
2022/2/2 10:10:26,26.89,26.23,44900.36
2022/2/2 10:10:59,26.70,27.20,44126.21
2022/2/2 10:11:31,26.57,27.63,44126.21
2022/2/2 10:12:03,26.54,27.61,44126.21
2022/2/2 10:12:35,26.51,28.07,44384.26
2022/2/2 10:13:07,26.51,29.53,44384.26
2022/2/2 10:13:40,26.57,29.08,44900.36
2022/2/2 10:14:12,26.65,29.14,45932.54
2022/2/2 10:14:44,26.81,29.14,46706.69
2022/2/2 10:15:16,26.94,28.97,45932.54
2022/2/2 10:15:49,27.05,26.97,45932.54
2022/2/2 10:16:21,27.09,27.86,45932.54
2022/2/2 10:16:53,27.21,29.63,45416.45
2022/2/2 10:17:25,27.38,28.72,46964.74
2022/2/2 10:17:58,27.52,26.91,46706.69
2022/2/2 10:18:30,27.56,26.66,46448.64
2022/2/2 10:19:02,27.54,28.49,45932.54
2022/2/2 10:19:34,27.53,28.03,46706.69
2022/2/2 10:20:06,27.54,30.27,46706.69
2022/2/2 10:20:39,27.59,27.47,46448.64
2022/2/2 10:21:11,27.56,27.82,46964.74
2022/2/2 10:21:43,27.63,28.34,48254.98
2022/2/2 10:22:15,27.73,27.89,48254.98
2022/2/2 10:22:48,27.79,28.22,47480.84
2022/2/2 10:23:20,27.80,27.61,46781.24
2022/2/2 10:23:52,27.80,28.13,47222.79
2022/2/2 10:24:24,27.81,27.81,47480.84
2022/2/2 10:24:56,27.91,27.41,48254.98
2022/2/2 10:25:29,28.03,27.79,47996.93
2022/2/2 10:26:01,28.07,27.28,48254.98
2022/2/2 10:26:33,28.04,27.77,48254.98
2022/2/2 10:27:05,28.01,26.75,48513.02
2022/2/2 10:27:38,28.01,27.74,48513.02
2022/2/2 10:28:10,27.97,27.37,49029.12
2022/2/2 10:28:42,27.97,29.77,48771.07
2022/2/2 10:29:14,27.99,28.69,48771.07
2022/2/2 10:29:46,28.04,27.81,49029.12
2022/2/2 10:30:19,28.07,28.61,49287.17
2022/2/2 10:30:51,28.15,28.29,49029.12
2022/2/2 10:31:23,28.13,28.32,49803.27
2022/2/2 10:31:55,28.03,27.46,49545.21
2022/2/2 10:32:28,27.93,26.91,49545.21
2022/2/2 10:33:00,27.84,27.67,49545.21
2022/2/2 10:33:32,27.77,29.86,49803.27
2022/2/2 10:34:04,27.76,29.24,49545.21
2022/2/2 10:34:37,27.79,28.51,49803.27
2022/2/2 10:35:09,27.83,27.61,50577.41
2022/2/2 10:35:41,27.79,28.08,50319.37
2022/2/2 10:36:13,27.70,27.40,48751.00
2022/2/2 10:36:45,27.64,28.04,51867.65
2022/2/2 10:37:18,27.63,28.05,51867.65
2022/2/2 10:37:50,27.69,28.18,51609.60
2022/2/2 10:38:22,27.73,28.38,52641.79
2022/2/2 10:38:54,27.42,27.92,16993.90
2022/2/2 10:39:27,27.29,29.62,39223.30
2022/2/2 10:39:59,27.66,30.31,56254.46
2022/2/2 10:40:31,27.73,28.05,52125.70
2022/2/2 10:41:03,27.84,29.23,53415.94
2022/2/2 10:41:35,27.93,27.56,53157.89
2022/2/2 10:42:08,28.00,27.71,52383.74
2022/2/2 10:42:40,28.00,28.56,52125.70
2022/2/2 10:43:12,27.97,27.96,52383.74
2022/2/2 10:43:44,28.03,28.91,53673.99
2022/2/2 10:44:17,28.18,30.52,52383.74
2022/2/2 10:44:49,28.35,29.99,51867.65
2022/2/2 10:45:21,28.41,29.04,51867.65
2022/2/2 10:45:53,28.45,27.06,51351.55
2022/2/2 10:46:26,28.41,29.08,51609.60
2022/2/2 10:46:58,28.42,29.80,51609.60
2022/2/2 10:47:30,28.48,28.49,51093.51
2022/2/2 10:48:02,28.44,28.07,51867.65
2022/2/2 10:48:34,28.34,27.16,51867.65
2022/2/2 10:49:07,28.24,28.35,51351.55
2022/2/2 10:49:39,28.18,30.40,50577.41
2022/2/2 10:50:11,28.14,28.58,50061.32
2022/2/2 10:50:43,28.14,29.44,49803.27
2022/2/2 10:51:16,28.15,29.16,50319.37
2022/2/2 10:51:48,28.18,28.63,51093.51
2022/2/2 10:52:20,28.17,29.31,52383.74
2022/2/2 10:52:52,28.14,28.40,53157.89
2022/2/2 10:53:24,28.08,28.21,53415.94
2022/2/2 10:53:57,27.99,29.17,53673.99
2022/2/2 10:54:29,27.90,31.55,54448.13
2022/2/2 10:55:01,27.91,27.66,54964.22
2022/2/2 10:55:33,27.83,27.91,55222.27
2022/2/2 10:56:06,27.73,28.44,55738.37
2022/2/2 10:56:38,27.62,28.71,55738.37
2022/2/2 10:57:10,27.40,26.88,42061.83
2022/2/2 10:57:42,27.22,29.13,56254.46
2022/2/2 10:58:15,27.18,30.40,56770.57
2022/2/2 10:58:47,27.22,30.27,56770.57
2022/2/2 10:59:19,27.38,30.99,57028.61
2022/2/2 10:59:51,27.53,29.39,56512.52
2022/2/2 11:00:23,27.57,27.67,57544.71
2022/2/2 11:00:56,27.56,28.13,57028.61
2022/2/2 11:01:28,27.50,27.90,57028.61
2022/2/2 11:02:00,27.50,28.53,56753.36
2022/2/2 11:02:32,27.56,28.69,57028.61
2022/2/2 11:03:05,27.71,29.50,57028.61
2022/2/2 11:03:37,27.90,29.28,57028.61
2022/2/2 11:04:09,28.10,28.67,57028.61
2022/2/2 11:04:41,28.25,27.93,56512.52
2022/2/2 11:05:13,28.34,29.20,42319.87
2022/2/2 11:05:46,28.38,28.29,50629.02
2022/2/2 11:06:18,28.05,28.53,59351.04
2022/2/2 11:06:50,28.34,28.67,59092.99
2022/2/2 11:07:22,28.40,29.20,58060.80
2022/2/2 11:07:55,28.48,29.53,57544.71
2022/2/2 11:08:27,28.56,28.01,56512.52
2022/2/2 11:08:59,28.45,27.40,44126.21
2022/2/2 11:09:31,28.54,28.62,51884.85
2022/2/2 11:10:03,28.55,29.21,57802.75
2022/2/2 11:10:36,28.59,26.93,57544.71
2022/2/2 11:11:08,28.50,27.89,58060.80
2022/2/2 11:11:40,28.48,28.66,60641.29
2022/2/2 11:12:12,28.64,30.99,62447.62
2022/2/2 11:12:45,28.83,28.59,62189.57
2022/2/2 11:13:17,28.99,28.28,60882.12
2022/2/2 11:13:49,29.06,27.60,50061.32
2022/2/2 11:14:21,28.83,27.59,48513.02
2022/2/2 11:14:53,28.44,26.92,27353.09
2022/2/2 11:15:26,28.64,27.43,67092.48
2022/2/2 11:15:58,28.50,28.80,24652.19
2022/2/2 11:16:30,27.73,27.78,16128.00
2022/2/2 11:17:02,27.40,29.00,38191.11
2022/2/2 11:17:34,27.43,29.86,27740.16
2022/2/2 11:18:07,27.29,29.95,44126.21
2022/2/2 11:18:39,27.24,29.50,42090.50
2022/2/2 11:19:11,27.52,29.72,59609.09
2022/2/2 11:19:43,27.74,29.70,69672.97
2022/2/2 11:20:16,27.91,28.09,66060.29
2022/2/2 11:20:48,28.13,27.70,65802.24
2022/2/2 11:21:20,28.34,28.24,65286.14
2022/2/2 11:21:52,28.48,29.60,63995.91
2022/2/2 11:22:24,28.62,29.36,65028.10
2022/2/2 11:22:57,28.32,28.94,58834.95
2022/2/2 11:23:29,28.56,29.08,53932.04
2022/2/2 11:24:01,28.78,27.95,60641.29
2022/2/2 11:24:33,28.69,27.82,59867.14
2022/2/2 11:25:06,28.81,28.40,62447.62
2022/2/2 11:25:38,28.85,28.23,63479.81
2022/2/2 11:26:10,28.92,27.86,64770.05
2022/2/2 11:26:42,28.91,27.45,63737.86
2022/2/2 11:27:15,28.89,28.28,56512.52
2022/2/2 11:27:47,28.98,29.12,63479.81
2022/2/2 11:28:19,29.05,27.96,62447.62
2022/2/2 11:28:51,29.06,29.07,62447.62
2022/2/2 11:29:23,29.15,29.39,62447.62
2022/2/2 11:29:56,29.24,27.06,62447.62
2022/2/2 11:30:28,29.27,28.26,61931.52
2022/2/2 11:31:00,29.20,28.27,61415.43
2022/2/2 11:31:32,29.13,27.25,61415.43
2022/2/2 11:32:05,29.06,27.37,61673.47
2022/2/2 11:32:37,28.99,27.63,57544.71
2022/2/2 11:33:09,28.85,27.38,62447.62
2022/2/2 11:33:41,28.75,27.35,63221.77
2022/2/2 11:34:13,28.71,28.68,62705.66
2022/2/2 11:34:46,28.65,28.42,61931.52
2022/2/2 11:35:18,28.72,28.69,62447.62
2022/2/2 11:35:50,28.83,29.66,62705.66
2022/2/2 11:36:22,28.98,30.33,63221.77
2022/2/2 11:36:55,29.10,27.25,63737.86
2022/2/2 11:37:27,29.17,26.90,63462.61
2022/2/2 11:37:59,29.16,28.26,63737.86
2022/2/2 11:38:31,29.17,28.49,63995.91
2022/2/2 11:39:03,29.23,28.59,64253.96
2022/2/2 11:39:36,29.32,29.15,65286.14
2022/2/2 11:40:08,29.46,28.47,66060.29
2022/2/2 11:40:40,29.61,28.36,56512.52
2022/2/2 11:41:12,29.05,27.69,14735.97
2022/2/2 11:41:45,28.58,29.49,17547.27
2022/2/2 11:42:17,28.17,29.09,46970.47
2022/2/2 11:42:49,28.24,29.63,74833.92
2022/2/2 11:43:21,28.03,30.20,38191.11
2022/2/2 11:43:53,27.40,30.19,18524.98
2022/2/2 11:44:26,27.52,29.97,72253.44
2022/2/2 11:44:58,27.66,29.96,71737.34
2022/2/2 11:45:30,27.38,29.68,74317.83
2022/2/2 11:46:02,27.06,31.51,22708.22
2022/2/2 11:46:35,26.73,31.62,22616.47
2022/2/2 11:47:07,26.50,32.82,23353.35
2022/2/2 11:47:39,26.48,33.63,17289.22
2022/2/2 11:48:11,26.41,31.01,66576.39
2022/2/2 11:48:43,26.13,31.92,43868.16
2022/2/2 11:49:16,26.55,31.69,62447.62
2022/2/2 11:49:48,26.41,31.72,68124.67
2022/2/2 11:50:20,26.41,31.72,61432.63
2022/2/2 11:50:52,26.54,30.56,49545.21
2022/2/2 11:51:25,26.46,31.02,65286.14
2022/2/2 11:51:57,26.61,32.16,64512.00
2022/2/2 11:52:29,26.82,31.38,65028.10
2022/2/2 11:53:01,26.95,32.02,65028.10
2022/2/2 11:53:33,27.16,31.22,64770.05
2022/2/2 11:54:06,27.36,31.31,65028.10
2022/2/2 11:54:38,27.63,30.15,65286.14
2022/2/2 11:55:10,27.84,31.39,65286.14
2022/2/2 11:55:42,28.14,31.15,65028.10
2022/2/2 11:56:15,28.41,31.10,64770.05
2022/2/2 11:56:47,28.68,29.72,64770.05
2022/2/2 11:57:19,28.91,29.86,64253.96
2022/2/2 11:57:51,29.10,29.96,64512.00
2022/2/2 11:58:23,29.20,29.24,64253.96
2022/2/2 11:58:56,29.20,29.38,63737.86
2022/2/2 11:59:28,29.22,29.18,63995.91
2022/2/2 12:00:00,29.24,29.34,64512.00
2022/2/2 12:00:32,29.24,28.36,63995.91
2022/2/2 12:01:05,29.22,29.83,63737.86
2022/2/2 12:01:37,29.13,30.57,64236.75
2022/2/2 12:02:09,29.12,30.58,64253.96
2022/2/2 12:02:41,29.15,29.26,63737.86
2022/2/2 12:03:14,29.20,30.10,63995.91
2022/2/2 12:03:46,29.29,29.30,64512.00
2022/2/2 12:04:18,29.27,29.61,64253.96
2022/2/2 12:04:50,29.16,29.95,64512.00
2022/2/2 12:05:22,29.06,30.80,63995.91
2022/2/2 12:05:55,29.03,28.94,63995.91
2022/2/2 12:06:27,28.98,29.71,64253.96
2022/2/2 12:06:59,28.92,30.45,63995.91
2022/2/2 12:07:31,28.82,31.65,64253.96
2022/2/2 12:08:04,28.76,31.96,64512.00
2022/2/2 12:08:36,28.82,31.19,65028.10
2022/2/2 12:09:08,28.95,31.09,65286.14
2022/2/2 12:09:40,29.10,30.12,65028.10
2022/2/2 12:10:12,29.19,30.04,65286.14
2022/2/2 12:10:45,29.19,29.42,65028.10
2022/2/2 12:11:17,29.20,30.79,65286.14
2022/2/2 12:11:49,29.26,29.65,65286.14
2022/2/2 12:12:21,29.33,29.23,65028.10
2022/2/2 12:12:54,29.29,29.40,65286.14
2022/2/2 12:13:26,29.36,29.80,65544.20
2022/2/2 12:13:58,29.43,30.25,65286.14
2022/2/2 12:14:30,29.50,30.33,65286.14
2022/2/2 12:15:02,29.58,29.70,65286.14
2022/2/2 12:15:35,29.63,29.23,65286.14
2022/2/2 12:16:07,29.50,28.81,65544.20
2022/2/2 12:16:39,29.36,29.44,66060.29
2022/2/2 12:17:11,29.33,29.06,66060.29
2022/2/2 12:17:44,29.32,29.84,65802.24
2022/2/2 12:18:16,29.34,30.19,64770.05
2022/2/2 12:18:48,29.36,30.48,64752.84
2022/2/2 12:19:20,29.40,29.66,65028.10
2022/2/2 12:19:52,29.40,31.22,65286.14
2022/2/2 12:20:25,29.44,30.17,66060.29
2022/2/2 12:20:57,29.54,30.25,66576.39
2022/2/2 12:21:29,29.37,29.97,66576.39
2022/2/2 12:22:01,29.07,30.61,66576.39
2022/2/2 12:22:34,28.93,31.45,66060.29
2022/2/2 12:23:06,28.92,31.42,66060.29
2022/2/2 12:23:38,28.83,31.64,62137.96
2022/2/2 12:24:10,28.92,32.43,66576.39
2022/2/2 12:24:42,28.95,31.67,67608.58
2022/2/2 12:25:15,28.92,30.99,69156.87
2022/2/2 12:25:47,29.03,31.14,70705.16
2022/2/2 12:26:19,29.26,32.78,69672.97
2022/2/2 12:26:51,29.52,31.10,68124.67
2022/2/2 12:27:24,29.75,30.01,67608.58
2022/2/2 12:27:56,29.77,30.13,66060.29
2022/2/2 12:28:28,29.73,31.02,67092.48
2022/2/2 12:29:00,29.81,31.29,67092.48
2022/2/2 12:29:32,29.97,31.27,65286.14
2022/2/2 12:30:05,29.97,30.22,65544.20
2022/2/2 12:30:37,29.94,30.18,68124.67
2022/2/2 12:31:09,29.97,30.76,72253.44
2022/2/2 12:31:41,29.88,31.16,37933.06
2022/2/2 12:32:14,30.14,32.29,76898.31
2022/2/2 12:32:46,30.39,31.15,48771.07
2022/2/2 12:33:18,30.45,31.04,32385.02
2022/2/2 12:33:50,30.25,29.92,62447.62
2022/2/2 12:34:22,29.61,30.17,21547.01
2022/2/2 12:34:55,29.40,31.46,28901.38
2022/2/2 12:35:27,29.17,30.74,71221.25
2022/2/2 12:35:59,28.99,31.85,45158.40
2022/2/2 12:36:31,28.93,31.79,67092.48
2022/2/2 12:37:04,29.07,31.76,72253.44
2022/2/2 12:37:36,29.09,32.59,70705.16
2022/2/2 12:38:08,29.20,32.57,69672.97
2022/2/2 12:38:40,29.40,31.76,69156.87
2022/2/2 12:39:13,29.26,31.55,36900.87
2022/2/2 12:39:45,29.20,31.07,3219.87
2022/2/2 12:40:17,28.45,31.91,14902.27
2022/2/2 12:40:49,28.28,32.32,50577.41
2022/2/2 12:41:21,28.44,32.39,65303.35
2022/2/2 12:41:54,28.45,32.12,31094.78
2022/2/2 12:42:26,28.15,32.53,69156.87
2022/2/2 12:42:58,28.24,33.07,68124.67
2022/2/2 12:43:30,28.35,32.91,65802.24
2022/2/2 12:44:03,28.50,33.62,64512.00
2022/2/2 12:44:35,28.65,32.89,63221.77
2022/2/2 12:45:07,28.78,32.26,65590.07
2022/2/2 12:45:39,28.51,34.71,66576.39
2022/2/2 12:46:11,28.86,33.20,66060.29
2022/2/2 12:46:44,29.13,33.50,65802.24
2022/2/2 12:47:16,29.29,33.27,63221.77
2022/2/2 12:47:48,29.40,32.67,63720.66
2022/2/2 12:48:20,29.46,32.54,64512.00
2022/2/2 12:48:53,29.53,32.62,63462.61
2022/2/2 12:49:25,29.60,31.70,63479.81
2022/2/2 12:49:57,29.56,32.26,62963.72
2022/2/2 12:50:29,29.42,32.48,63737.86
2022/2/2 12:51:01,29.36,32.53,63479.81
2022/2/2 12:51:34,29.23,32.87,63737.86
2022/2/2 12:52:06,29.32,32.58,61931.52
2022/2/2 12:52:38,29.37,33.15,60864.92
2022/2/2 12:53:10,29.38,33.59,61415.43
2022/2/2 12:53:43,29.46,31.89,63995.91
2022/2/2 12:54:15,29.43,32.59,63995.91
2022/2/2 12:54:47,29.42,32.79,65028.10
2022/2/2 12:55:19,29.49,32.27,64512.00
2022/2/2 12:55:51,29.46,32.02,64512.00
2022/2/2 12:56:24,29.40,32.28,63737.86
2022/2/2 12:56:56,29.37,32.45,64253.96
2022/2/2 12:57:28,29.46,31.78,64695.50
2022/2/2 12:58:00,29.38,31.45,64253.96
2022/2/2 12:58:33,29.26,32.15,63995.91
2022/2/2 12:59:05,29.19,32.02,63995.91
2022/2/2 12:59:37,29.23,33.66,63479.81
2022/2/2 13:00:09,29.29,33.40,64253.96
2022/2/2 13:00:41,29.42,32.79,64253.96
2022/2/2 13:01:14,29.47,31.65,64512.00
2022/2/2 13:01:46,29.42,32.00,65028.10
2022/2/2 13:02:18,29.40,33.01,65028.10
2022/2/2 13:02:50,29.53,33.13,62447.62
2022/2/2 13:03:23,29.64,31.89,63737.86
2022/2/2 13:03:55,29.61,31.93,62963.72
2022/2/2 13:04:27,29.53,32.12,63737.86
2022/2/2 13:04:59,29.52,31.13,64512.00
2022/2/2 13:05:32,29.42,32.23,62963.72
2022/2/2 13:06:04,29.32,32.26,63737.86
2022/2/2 13:06:36,29.13,33.89,62963.72
2022/2/2 13:07:08,29.13,33.14,62705.66
2022/2/2 13:07:40,29.16,32.93,63221.77
2022/2/2 13:08:13,29.22,32.90,61673.47
2022/2/2 13:08:45,29.27,32.16,60457.79
2022/2/2 13:09:17,29.17,31.57,61415.43
2022/2/2 13:09:49,29.07,32.65,60383.24
2022/2/2 13:10:22,28.98,31.95,60383.24
2022/2/2 13:10:54,28.86,32.18,60899.33
2022/2/2 13:11:26,28.81,32.06,60641.29
2022/2/2 13:11:58,28.76,32.57,60383.24
2022/2/2 13:12:30,28.81,33.09,60641.29
2022/2/2 13:13:03,28.92,33.52,59867.14
2022/2/2 13:13:35,28.99,33.69,58834.95
2022/2/2 13:14:07,28.93,34.25,59092.99
2022/2/2 13:14:39,28.98,33.09,59351.04
2022/2/2 13:15:12,28.93,32.96,58060.80
2022/2/2 13:15:44,28.83,34.29,57802.75
2022/2/2 13:16:16,28.85,34.32,58576.89
2022/2/2 13:16:48,28.92,32.95,58834.95
2022/2/2 13:17:20,28.96,33.03,57544.71
2022/2/2 13:17:53,28.99,33.06,56254.46
2022/2/2 13:18:25,29.02,33.21,56254.46
2022/2/2 13:18:57,29.09,33.46,56770.57
2022/2/2 13:19:29,29.19,33.94,56512.52
2022/2/2 13:20:02,29.26,33.31,55996.41
2022/2/2 13:20:34,29.26,33.11,56512.52
2022/2/2 13:21:06,29.22,32.41,55480.32
2022/2/2 13:21:38,29.17,32.91,54688.97
2022/2/2 13:22:10,29.07,32.55,54190.09
2022/2/2 13:22:43,28.76,32.55,53415.94
2022/2/2 13:23:15,28.30,33.35,52641.79
2022/2/2 13:23:47,28.01,34.71,52125.70
2022/2/2 13:24:19,27.84,34.36,52125.70
2022/2/2 13:24:52,27.71,34.24,51867.65
2022/2/2 13:25:24,27.77,35.40,50577.41
2022/2/2 13:25:56,28.01,35.76,50577.41
2022/2/2 13:26:28,28.24,34.27,50319.37
2022/2/2 13:27:00,28.47,33.33,48254.98
2022/2/2 13:27:33,28.58,33.55,48254.98
2022/2/2 13:28:05,28.71,32.64,47738.89
2022/2/2 13:28:37,28.73,33.86,46706.69
2022/2/2 13:29:09,28.81,34.03,46190.59
2022/2/2 13:29:42,28.88,34.09,44642.31
2022/2/2 13:30:14,28.89,34.63,43352.07
2022/2/2 13:30:46,28.95,34.78,42302.67
2022/2/2 13:31:18,29.09,33.47,41287.68
2022/2/2 13:31:50,29.22,33.19,40255.49
2022/2/2 13:32:23,29.24,33.03,39997.44
2022/2/2 13:32:55,29.26,33.34,38965.25
2022/2/2 13:33:27,29.27,33.89,38707.20
2022/2/2 13:33:59,29.36,34.30,38449.16
2022/2/2 13:34:32,29.57,34.92,37915.86
2022/2/2 13:35:04,29.78,33.28,37416.96
2022/2/2 13:35:36,29.92,32.51,36900.87
2022/2/2 13:36:08,29.95,32.36,36384.77
2022/2/2 13:36:40,29.95,32.95,35352.58
2022/2/2 13:37:13,29.95,32.48,35610.62
2022/2/2 13:37:45,30.04,32.09,35352.58
2022/2/2 13:38:17,30.05,32.73,35094.53
2022/2/2 13:38:49,30.15,32.90,34578.43
2022/2/2 13:39:22,30.22,32.41,34062.34
2022/2/2 13:39:54,30.21,31.50,34062.34
2022/2/2 13:40:26,30.14,31.13,33546.24
2022/2/2 13:40:58,29.98,31.83,33546.24
2022/2/2 13:41:31,29.77,33.39,33030.14
2022/2/2 13:42:03,29.77,32.90,33030.14
2022/2/2 13:42:35,29.73,32.47,32772.10
2022/2/2 13:43:07,29.73,33.04,32514.05
2022/2/2 13:43:39,29.64,31.26,32126.98
2022/2/2 13:44:12,29.47,31.52,31997.96
2022/2/2 13:44:44,29.26,31.89,31997.96
2022/2/2 13:45:16,29.16,31.80,31739.91
2022/2/2 13:45:48,29.07,32.13,31610.88
2022/2/2 13:46:20,28.99,32.98,31352.83
2022/2/2 13:46:53,28.95,33.45,31223.81
2022/2/2 13:47:25,29.01,34.05,30965.76
2022/2/2 13:47:57,29.06,33.27,30836.74
2022/2/2 13:48:29,29.09,33.86,30578.69
2022/2/2 13:49:02,28.99,33.66,30707.71
2022/2/2 13:49:34,28.92,33.59,30707.71
2022/2/2 13:50:06,28.89,33.11,30578.69
2022/2/2 13:50:38,28.88,33.46,30578.69
2022/2/2 13:51:11,28.92,33.09,30449.67
2022/2/2 13:51:43,29.06,33.21,30320.64
2022/2/2 13:52:15,29.01,32.74,30191.62
2022/2/2 13:52:47,28.85,33.50,30062.60
2022/2/2 13:53:19,28.71,33.11,29933.57
2022/2/2 13:53:52,28.71,33.23,30062.60
2022/2/2 13:54:24,28.69,32.77,29933.57
2022/2/2 13:54:56,28.65,32.16,29933.57
2022/2/2 13:55:28,28.56,32.51,29804.54
2022/2/2 13:56:01,28.41,32.65,29933.57
2022/2/2 13:56:33,28.30,33.07,29804.54
2022/2/2 13:57:05,28.21,34.22,29546.50
2022/2/2 13:57:37,28.13,34.04,29804.54
2022/2/2 13:58:09,28.08,34.02,29933.57
2022/2/2 13:58:42,28.17,34.71,29546.50
2022/2/2 13:59:14,28.22,33.77,29804.54
2022/2/2 13:59:46,28.28,34.06,30062.60
2022/2/2 14:00:18,28.37,33.71,29933.57
2022/2/2 14:00:51,28.38,33.29,29804.54
2022/2/2 14:01:23,28.37,33.44,29933.57
2022/2/2 14:01:55,28.34,33.36,30062.60
2022/2/2 14:02:27,28.31,33.55,30062.60
2022/2/2 14:02:59,28.24,32.54,29804.54
2022/2/2 14:03:32,28.00,33.54,30062.60
2022/2/2 14:04:04,27.77,34.51,30320.64
2022/2/2 14:04:36,27.77,34.61,30320.64
2022/2/2 14:05:08,27.79,35.51,30578.69
2022/2/2 14:05:41,27.91,33.62,30578.69
2022/2/2 14:06:13,27.99,34.06,30707.71
2022/2/2 14:06:45,28.01,32.91,30965.76
2022/2/2 14:07:17,27.93,33.42,30836.74
2022/2/2 14:07:50,27.79,33.55,30965.76
2022/2/2 14:08:22,27.83,34.67,31223.81
2022/2/2 14:08:54,27.91,34.06,31223.81
2022/2/2 14:09:26,28.01,34.27,31223.81
2022/2/2 14:09:58,28.18,32.77,31223.81
2022/2/2 14:10:31,28.32,33.90,31481.86
2022/2/2 14:11:03,28.37,33.89,31868.93
2022/2/2 14:11:35,28.30,31.73,32293.27
2022/2/2 14:12:07,27.93,32.59,32514.05
2022/2/2 14:12:40,27.69,33.24,32772.10
2022/2/2 14:13:12,27.67,33.15,32643.07
2022/2/2 14:13:44,27.77,34.05,32901.12
2022/2/2 14:14:16,27.91,34.75,33030.14
2022/2/2 14:14:48,28.11,33.32,33288.20
2022/2/2 14:15:21,28.18,32.88,34062.34
2022/2/2 14:15:53,28.27,33.25,34320.38
2022/2/2 14:16:25,28.35,33.97,34578.43
2022/2/2 14:16:57,28.40,32.65,34836.48
2022/2/2 14:17:30,28.47,33.60,35352.58
2022/2/2 14:18:02,28.47,34.69,36126.72
2022/2/2 14:18:34,28.45,34.15,36384.77
2022/2/2 14:19:06,28.48,33.13,37158.91
2022/2/2 14:19:38,28.45,33.16,37933.06
2022/2/2 14:20:11,28.24,34.24,38449.16
2022/2/2 14:20:43,28.07,32.87,39481.34
2022/2/2 14:21:15,27.73,33.32,40255.49
2022/2/2 14:21:47,27.43,35.19,40771.59
2022/2/2 14:22:19,27.38,34.68,41803.78
2022/2/2 14:22:52,27.29,34.60,42061.83
2022/2/2 14:23:24,27.22,36.32,42061.83
2022/2/2 14:23:56,27.25,35.91,42835.97
2022/2/2 14:24:28,27.32,36.47,42577.92
2022/2/2 14:25:01,27.35,33.75,42835.97
2022/2/2 14:25:33,27.29,35.64,42835.97
2022/2/2 14:26:05,27.13,34.88,42835.97
2022/2/2 14:26:37,27.05,35.24,42577.92
2022/2/2 14:27:10,26.94,35.07,42835.97
2022/2/2 14:27:42,26.84,36.53,42835.97
2022/2/2 14:28:14,26.68,35.30,42577.92
2022/2/2 14:28:46,26.48,36.90,42835.97
2022/2/2 14:29:18,26.46,35.71,43352.07
2022/2/2 14:29:51,26.41,34.90,42577.92
2022/2/2 14:30:23,26.33,36.14,42319.87
2022/2/2 14:30:55,26.28,36.42,42061.83
2022/2/2 14:31:27,26.27,36.58,43094.02
2022/2/2 14:32:00,26.23,36.28,43094.02
2022/2/2 14:32:32,26.28,36.65,42835.97
2022/2/2 14:33:04,26.15,36.00,42061.83
2022/2/2 14:33:36,25.99,37.02,43094.02
2022/2/2 14:34:08,25.92,36.62,42319.87
2022/2/2 14:34:41,25.85,36.54,41545.73
2022/2/2 14:35:13,25.70,36.42,42319.87
2022/2/2 14:35:45,25.61,37.31,41803.78
2022/2/2 14:36:17,25.55,37.18,41803.78
2022/2/2 14:36:50,25.50,36.62,41803.78
2022/2/2 14:37:22,25.39,36.43,40513.54
2022/2/2 14:37:54,25.32,38.16,41029.63
2022/2/2 14:38:26,25.28,38.39,41545.73
2022/2/2 14:38:58,25.28,37.24,31094.78
2022/2/2 14:39:31,25.18,36.83,41046.84
2022/2/2 14:40:03,25.01,37.95,30449.67
2022/2/2 14:40:35,24.85,38.19,40255.49
2022/2/2 14:41:07,24.62,36.77,40255.49
2022/2/2 14:41:40,24.30,38.92,41029.63
2022/2/2 14:42:12,24.09,38.50,39481.34
2022/2/2 14:42:44,24.03,38.39,40255.49
2022/2/2 14:43:16,23.95,39.15,37416.96
2022/2/2 14:43:49,23.86,39.11,36900.87
2022/2/2 14:44:21,23.75,41.85,31610.88
2022/2/2 14:44:53,23.66,40.61,36143.92
2022/2/2 14:45:25,23.69,39.82,38965.25
2022/2/2 14:45:57,23.76,41.66,36642.82
2022/2/2 14:46:30,23.71,37.48,27740.16
2022/2/2 14:47:02,23.55,39.49,31997.96
2022/2/2 14:47:34,23.37,39.56,36883.66
2022/2/2 14:48:06,23.31,39.76,32643.07
2022/2/2 14:48:38,23.24,40.51,21934.08
2022/2/2 14:49:11,23.11,42.32,21934.08
2022/2/2 14:49:43,23.09,42.61,29933.57
2022/2/2 14:50:15,23.10,43.05,23585.59
2022/2/2 14:50:47,23.20,41.54,17676.29
2022/2/2 14:51:20,23.32,41.88,17031.17
2022/2/2 14:51:52,23.41,40.45,15095.81
2022/2/2 14:52:24,23.40,40.45,15353.86
2022/2/2 14:52:56,23.50,41.72,15611.90
2022/2/2 14:53:28,23.61,39.30,14902.27
2022/2/2 14:54:01,23.61,39.70,15289.34
2022/2/2 14:54:33,23.58,40.96,13758.26
2022/2/2 14:55:05,23.54,40.68,13418.50
2022/2/2 14:55:37,23.57,41.38,12644.35
2022/2/2 14:56:10,23.51,39.18,12644.35
2022/2/2 14:56:42,23.34,40.95,12063.74
2022/2/2 14:57:14,23.25,39.90,11354.11
2022/2/2 14:57:46,23.23,39.91,12321.79
2022/2/2 14:58:18,23.24,41.75,12321.79
2022/2/2 14:58:51,23.25,40.16,10838.02
2022/2/2 14:59:23,23.30,41.40,12321.79
2022/2/2 14:59:55,23.34,40.47,12386.30
2022/2/2 15:00:27,23.38,40.63,10450.94
2022/2/2 15:01:00,23.42,42.04,11999.23
2022/2/2 15:01:32,23.45,41.80,13934.59
2022/2/2 15:02:04,23.48,41.66,9934.85
2022/2/2 15:02:36,23.48,40.74,18450.43
2022/2/2 15:03:09,23.52,39.87,13353.99
2022/2/2 15:03:41,23.54,39.60,9547.78
2022/2/2 15:04:13,23.52,41.34,9289.73
2022/2/2 15:04:45,23.52,41.05,10532.66
2022/2/2 15:05:17,23.50,39.89,7934.98
2022/2/2 15:05:50,23.45,39.57,7773.70
2022/2/2 15:06:22,23.40,39.45,8138.55
2022/2/2 15:06:54,23.34,40.11,7676.93
2022/2/2 15:07:26,23.27,39.02,8838.14
2022/2/2 15:07:59,23.20,39.69,8919.86
2022/2/2 15:08:31,23.15,39.11,7451.14
2022/2/2 15:09:03,23.11,38.89,7160.83
2022/2/2 15:09:35,23.07,39.22,6967.30
2022/2/2 15:10:07,23.04,39.31,6870.53
2022/2/2 15:10:40,23.03,40.82,6838.27
2022/2/2 15:11:12,22.97,40.48,7096.32
2022/2/2 15:11:44,22.94,40.77,7225.34
2022/2/2 15:12:16,22.94,40.78,6580.22
2022/2/2 15:12:48,22.86,39.99,6547.97
2022/2/2 15:13:21,22.82,40.90,6483.46
2022/2/2 15:13:53,22.85,39.95,6682.01
2022/2/2 15:14:25,22.82,41.26,6354.43
2022/2/2 15:14:57,22.77,40.68,6676.99
2022/2/2 15:15:30,22.74,40.31,6128.64
2022/2/2 15:16:02,22.70,40.85,6128.64
2022/2/2 15:16:34,22.69,41.32,6160.90
2022/2/2 15:17:06,22.69,40.37,5972.38
2022/2/2 15:17:38,22.66,39.11,5935.10
2022/2/2 15:18:11,22.59,41.15,6289.92
2022/2/2 15:18:43,22.53,41.55,5773.82
2022/2/2 15:19:15,22.48,41.91,5741.57
2022/2/2 15:19:47,22.42,40.96,5870.59
2022/2/2 15:20:20,22.42,41.26,5677.06
2022/2/2 15:20:52,22.42,41.31,5515.78
2022/2/2 15:21:24,22.46,41.65,5612.54
2022/2/2 15:21:56,22.48,40.73,6064.13
2022/2/2 15:22:28,22.50,40.46,5935.10
2022/2/2 15:23:01,22.50,40.14,5483.52
2022/2/2 15:23:33,22.42,40.20,5386.75
2022/2/2 15:24:05,22.36,40.14,7225.34
2022/2/2 15:24:37,22.28,41.86,5322.24
2022/2/2 15:25:10,22.25,41.15,5612.54
2022/2/2 15:25:42,22.22,42.65,5386.75
2022/2/2 15:26:14,22.19,40.49,5354.50
2022/2/2 15:26:46,22.21,43.23,5515.78
2022/2/2 15:27:18,22.21,43.31,5902.85
2022/2/2 15:27:51,22.22,40.61,6133.66
2022/2/2 15:28:23,22.16,39.53,6193.15
2022/2/2 15:28:55,22.08,41.86,6386.69
2022/2/2 15:29:27,22.01,41.88,6160.90
2022/2/2 15:30:00,21.92,40.09,6160.90
2022/2/2 15:30:32,21.87,41.32,5773.82
2022/2/2 15:31:04,21.85,41.14,5644.80
2022/2/2 15:31:36,21.84,41.10,5741.57
2022/2/2 15:32:08,21.84,40.63,5483.52
2022/2/2 15:32:41,21.74,40.75,5483.52
2022/2/2 15:33:13,21.65,43.53,5451.26
2022/2/2 15:33:45,21.62,42.98,5322.24
2022/2/2 15:34:17,21.62,42.01,5193.22
2022/2/2 15:34:50,21.64,42.31,5257.73
2022/2/2 15:35:22,21.65,41.68,5160.96
2022/2/2 15:35:54,21.56,40.79,5096.45
2022/2/2 15:36:26,21.46,40.72,5064.19
2022/2/2 15:36:58,21.37,41.41,5064.19
2022/2/2 15:37:31,21.31,42.42,4999.68
2022/2/2 15:38:03,21.33,42.28,4902.91
2022/2/2 15:38:35,21.34,44.07,4838.40
2022/2/2 15:39:07,21.31,45.75,4806.14
2022/2/2 15:39:40,21.27,43.97,4773.89
2022/2/2 15:40:12,21.27,43.70,4709.38
2022/2/2 15:40:44,21.27,42.73,4677.12
2022/2/2 15:41:16,21.26,42.84,4677.12
2022/2/2 15:41:48,21.25,44.46,4644.86
2022/2/2 15:42:21,21.27,44.11,4644.86
2022/2/2 15:42:53,21.27,46.07,4580.35
2022/2/2 15:43:25,21.29,43.45,4548.10
2022/2/2 15:43:57,21.29,42.89,4580.35
2022/2/2 15:44:30,21.22,42.73,4515.84
2022/2/2 15:45:02,21.20,41.88,4580.35
2022/2/2 15:45:34,21.20,43.77,4451.33
2022/2/2 15:46:06,21.22,42.50,4483.58
2022/2/2 15:46:38,21.27,43.08,4483.58
2022/2/2 15:47:11,21.30,42.28,4548.10
2022/2/2 15:47:43,21.30,42.10,4548.10
2022/2/2 15:48:15,21.29,43.63,4483.58
2022/2/2 15:48:47,21.26,42.49,4483.58
2022/2/2 15:49:20,21.23,43.52,4515.84
2022/2/2 15:49:52,21.23,42.89,4709.38
2022/2/2 15:50:24,21.29,41.99,4741.63
2022/2/2 15:50:56,21.27,41.86,4580.35
2022/2/2 15:51:28,21.27,41.86,4483.58
2022/2/2 15:52:01,21.29,44.51,4515.84
2022/2/2 15:52:33,21.26,44.68,4515.84
2022/2/2 15:53:05,21.23,43.90,4515.84
2022/2/2 15:53:37,21.20,44.79,4451.33
2022/2/2 15:54:10,21.19,44.76,4451.33
2022/2/2 15:54:42,21.19,44.44,4419.07
2022/2/2 15:55:14,21.20,46.09,4354.56
2022/2/2 15:55:46,21.20,43.96,4322.30
2022/2/2 15:56:18,21.16,43.80,4483.58
2022/2/2 15:56:51,21.20,44.60,4290.05
2022/2/2 15:57:23,21.20,43.69,4290.05
2022/2/2 15:57:55,21.19,42.89,4225.54
2022/2/2 15:58:27,21.19,43.05,4290.05
2022/2/2 15:59:00,21.19,43.42,4290.05
2022/2/2 15:59:32,21.22,43.45,4354.56
2022/2/2 16:00:04,21.23,43.53,4225.54
2022/2/2 16:00:36,21.25,42.37,4257.79
2022/2/2 16:01:08,21.20,43.97,4290.05
2022/2/2 16:01:41,21.16,42.23,4290.05
2022/2/2 16:02:13,21.10,43.44,4290.05
2022/2/2 16:02:45,21.06,45.14,4290.05
2022/2/2 16:03:17,21.03,43.78,4225.54
2022/2/2 16:03:50,21.03,44.51,4424.09
2022/2/2 16:04:22,21.03,45.43,4451.33
2022/2/2 16:04:54,21.00,44.26,4548.10
2022/2/2 16:05:26,21.00,43.51,4612.61
2022/2/2 16:05:58,21.03,44.57,4419.07
2022/2/2 16:06:31,21.06,44.34,4709.38
2022/2/2 16:07:03,21.10,44.27,4838.40
2022/2/2 16:07:35,21.13,45.27,4709.38
2022/2/2 16:08:07,21.14,47.85,4838.40
2022/2/2 16:08:40,21.13,47.47,4967.42
2022/2/2 16:09:12,21.16,46.97,4806.14
2022/2/2 16:09:44,21.17,45.45,4515.84
2022/2/2 16:10:16,21.23,45.33,4419.07
2022/2/2 16:10:49,21.22,45.62,4290.05
2022/2/2 16:11:21,21.23,46.00,4290.05
2022/2/2 16:11:53,21.16,45.91,4225.54
2022/2/2 16:12:25,21.09,45.82,4193.28
2022/2/2 16:12:57,21.02,44.36,4128.77
2022/2/2 16:13:30,20.93,45.20,4128.77
2022/2/2 16:14:02,20.86,44.75,4161.02
2022/2/2 16:14:34,20.78,46.05,3967.49
2022/2/2 16:15:06,20.65,45.92,3773.95
2022/2/2 16:15:39,20.55,46.30,3693.31
2022/2/2 16:16:11,20.48,46.22,3661.06
2022/2/2 16:16:43,20.35,46.45,3661.06
2022/2/2 16:17:15,20.31,45.19,3677.18
2022/2/2 16:17:47,20.32,45.13,3822.34
2022/2/2 16:18:20,20.31,45.76,4128.77
2022/2/2 16:18:52,20.31,45.38,4548.10
2022/2/2 16:19:24,20.31,45.94,5160.96
2022/2/2 16:19:56,20.34,46.36,4935.17
2022/2/2 16:20:29,20.32,46.51,5225.47
2022/2/2 16:21:01,20.29,46.40,4709.38
2022/2/2 16:21:33,20.27,45.37,4032.00
2022/2/2 16:22:05,20.23,46.29,3612.67
2022/2/2 16:22:37,20.11,46.24,3467.52
2022/2/2 16:23:10,20.00,47.70,3403.01
2022/2/2 16:23:42,19.85,47.50,3386.88
2022/2/2 16:24:14,19.70,48.84,3306.24
2022/2/2 16:24:46,19.56,50.38,3133.85
2022/2/2 16:25:19,19.45,50.63,3177.22
2022/2/2 16:25:51,19.32,50.25,3161.09
2022/2/2 16:26:23,19.29,51.73,3161.09
2022/2/2 16:26:55,19.25,50.37,3161.09
2022/2/2 16:27:28,19.16,49.83,3161.09
2022/2/2 16:28:00,19.18,47.94,3144.96
2022/2/2 16:28:32,19.25,48.83,3144.96
2022/2/2 16:29:04,19.29,46.90,3128.83
2022/2/2 16:29:36,19.34,47.44,3096.58
2022/2/2 16:30:09,19.40,47.61,3080.45
2022/2/2 16:30:41,19.37,47.50,3048.19
2022/2/2 16:31:13,19.37,47.95,3032.06
2022/2/2 16:31:45,19.34,50.29,3015.94
2022/2/2 16:32:18,19.29,49.70,2999.81
2022/2/2 16:32:50,19.26,48.82,2983.68
2022/2/2 16:33:22,19.27,48.77,2967.55
2022/2/2 16:33:54,19.27,52.00,2935.30
2022/2/2 16:34:26,19.21,52.63,2919.17
2022/2/2 16:34:59,19.09,52.37,2903.04
2022/2/2 16:35:31,18.98,52.31,2886.91
2022/2/2 16:36:03,18.90,51.57,2870.78
2022/2/2 16:36:35,18.87,51.99,2854.66
2022/2/2 16:37:08,18.78,51.69,2822.40
2022/2/2 16:37:40,18.75,52.34,2822.40
2022/2/2 16:38:12,18.71,50.74,2806.27
2022/2/2 16:38:44,18.71,50.39,2806.27
2022/2/2 16:39:16,18.71,50.59,2838.53
2022/2/2 16:39:49,18.71,50.46,2854.66
2022/2/2 16:40:21,18.71,50.41,2790.14
2022/2/2 16:40:53,18.71,52.92,2774.02
2022/2/2 16:41:25,18.67,52.23,2757.89
2022/2/2 16:41:58,18.67,51.01,2725.63
2022/2/2 16:42:30,18.62,49.56,2709.50
2022/2/2 16:43:02,18.64,50.74,2693.38
2022/2/2 16:43:34,18.61,49.61,2677.25
2022/2/2 16:44:06,18.61,49.90,2661.12
2022/2/2 16:44:39,18.62,50.11,2661.12
2022/2/2 16:45:11,18.57,50.40,2661.12
2022/2/2 16:45:43,18.58,51.36,2661.12
2022/2/2 16:46:15,18.55,50.45,2661.12
2022/2/2 16:46:48,18.57,50.61,2644.99
2022/2/2 16:47:20,18.52,51.25,2644.99
2022/2/2 16:47:52,18.47,51.41,2628.86
2022/2/2 16:48:24,18.47,50.86,2612.74
2022/2/2 16:48:56,18.44,53.99,2612.74
2022/2/2 16:49:29,18.37,52.81,2612.74
2022/2/2 16:50:01,18.29,50.70,2612.74
2022/2/2 16:50:33,18.26,50.63,2612.74
2022/2/2 16:51:05,18.27,49.48,2612.74
2022/2/2 16:51:38,18.30,49.66,2596.61
2022/2/2 16:52:10,18.33,51.01,2580.48
2022/2/2 16:52:42,18.30,50.09,2564.35
2022/2/2 16:53:14,18.33,50.58,2564.35
2022/2/2 16:53:46,18.31,50.33,2515.97
2022/2/2 16:54:19,18.30,50.56,2515.97
2022/2/2 16:54:51,18.34,50.72,2499.84
2022/2/2 16:55:23,18.29,50.79,2499.84
2022/2/2 16:55:55,18.29,49.81,2467.58
2022/2/2 16:56:28,18.31,49.54,2451.46
2022/2/2 16:57:00,18.34,52.49,2435.33
2022/2/2 16:57:32,18.31,50.54,2419.20
2022/2/2 16:58:04,18.31,50.75,2419.20
2022/2/2 16:58:36,18.27,51.26,2435.33
2022/2/2 16:59:09,18.23,50.26,2419.20
2022/2/2 16:59:41,18.20,50.57,2386.94
2022/2/2 17:00:13,18.20,50.92,2370.82
2022/2/2 17:00:45,18.17,51.61,2354.69
2022/2/2 17:01:18,18.13,51.78,2322.43
2022/2/2 17:01:50,18.07,52.45,2306.30
2022/2/2 17:02:22,18.01,52.59,2290.18
2022/2/2 17:02:54,17.96,52.57,2290.18
2022/2/2 17:03:26,17.90,54.54,2274.05
2022/2/2 17:03:59,17.83,53.79,2274.05
2022/2/2 17:04:31,17.76,54.14,2274.05
2022/2/2 17:05:03,17.69,54.24,2274.05
2022/2/2 17:05:35,17.64,53.98,2274.05
2022/2/2 17:06:08,17.62,55.55,2274.05
2022/2/2 17:06:40,17.56,55.95,2290.18
2022/2/2 17:07:12,17.50,56.84,2290.18
2022/2/2 17:07:44,17.43,56.53,2306.30
2022/2/2 17:08:17,17.39,56.71,2306.30
2022/2/2 17:08:49,17.32,56.42,2306.30
2022/2/2 17:09:21,17.28,56.95,2306.30
2022/2/2 17:09:53,17.22,57.69,2290.18
2022/2/2 17:10:25,17.17,55.48,2274.05
2022/2/2 17:10:58,17.14,56.08,2274.05
2022/2/2 17:11:30,17.14,57.34,2257.92
2022/2/2 17:12:02,17.11,56.35,2257.92
2022/2/2 17:12:34,17.13,57.34,2241.79
2022/2/2 17:13:07,17.10,58.53,2241.79
2022/2/2 17:13:39,17.08,58.87,2225.66
2022/2/2 17:14:11,17.04,58.67,2225.66
2022/2/2 17:14:43,17.01,58.68,2209.54
2022/2/2 17:15:15,16.97,58.56,2209.54
2022/2/2 17:15:48,16.94,58.96,2193.41
2022/2/2 17:16:20,16.90,58.93,2177.28
2022/2/2 17:16:52,16.87,59.60,2161.15
2022/2/2 17:17:24,16.81,59.30,2161.15
2022/2/2 17:17:57,16.77,60.02,2145.02
2022/2/2 17:18:29,16.68,60.63,2128.90
2022/2/2 17:19:01,16.64,61.22,2112.77
2022/2/2 17:19:33,16.59,61.03,2096.64
2022/2/2 17:20:05,16.54,61.01,2080.51
2022/2/2 17:20:38,16.52,62.02,2064.38
2022/2/2 17:21:10,16.43,61.78,2064.38
2022/2/2 17:21:42,16.43,62.08,2064.38
2022/2/2 17:22:14,16.40,62.36,2056.32
2022/2/2 17:22:47,16.33,63.26,2040.19
2022/2/2 17:23:19,16.30,62.87,2024.06
2022/2/2 17:23:51,16.25,63.43,2016.00
2022/2/2 17:24:23,16.17,63.46,2007.94
2022/2/2 17:24:55,16.12,63.88,1999.87
2022/2/2 17:25:28,16.11,63.94,1983.74
2022/2/2 17:26:00,16.05,64.84,1975.68
2022/2/2 17:26:32,16.05,64.52,1975.68
2022/2/2 17:27:04,15.99,64.23,1967.62
2022/2/2 17:27:36,15.98,65.63,1959.55
2022/2/2 17:28:09,15.98,65.22,1943.42
2022/2/2 17:28:41,15.95,66.23,1919.23
2022/2/2 17:29:13,15.95,64.97,1903.10
2022/2/2 17:29:45,15.95,64.84,1895.04
2022/2/2 17:30:18,15.94,64.49,1886.98
2022/2/2 17:30:50,15.94,66.74,1870.85
2022/2/2 17:31:22,15.94,66.87,1854.72
2022/2/2 17:31:54,15.89,65.28,1838.59
2022/2/2 17:32:27,15.86,63.99,1822.46
2022/2/2 17:32:59,15.86,63.81,1814.40
2022/2/2 17:33:31,15.82,64.02,1798.27
2022/2/2 17:34:03,15.80,64.23,1766.02
2022/2/2 17:34:35,15.81,64.43,1749.89
2022/2/2 17:35:08,15.75,64.09,1733.76
2022/2/2 17:35:40,15.74,64.47,1717.63
2022/2/2 17:36:12,15.72,64.79,1709.57
2022/2/2 17:36:44,15.71,65.43,1693.44
2022/2/2 17:37:17,15.66,65.93,1685.38
2022/2/2 17:37:49,15.65,66.07,1677.31
2022/2/2 17:38:21,15.61,66.10,1669.25
2022/2/2 17:38:53,15.58,66.59,1653.12
2022/2/2 17:39:26,15.57,66.80,1645.06
2022/2/2 17:39:58,15.54,68.42,1628.93
2022/2/2 17:40:30,15.54,67.36,1620.86
2022/2/2 17:41:02,15.51,67.22,1612.80
2022/2/2 17:41:34,15.50,67.57,1596.67
2022/2/2 17:42:07,15.48,67.05,1580.54
2022/2/2 17:42:39,15.48,68.14,1564.42
2022/2/2 17:43:11,15.45,68.44,1548.29
2022/2/2 17:43:43,15.44,68.74,1532.16
2022/2/2 17:44:16,15.41,68.86,1516.03
2022/2/2 17:44:48,15.43,70.48,1507.97
2022/2/2 17:45:20,15.40,69.24,1483.78
2022/2/2 17:45:52,15.38,69.27,1467.65
2022/2/2 17:46:24,15.37,69.24,1451.52
2022/2/2 17:46:57,15.31,69.43,1435.39
2022/2/2 17:47:29,15.29,69.57,1419.26
2022/2/2 17:48:01,15.30,69.63,1395.07
2022/2/2 17:48:33,15.29,70.01,1378.94
2022/2/2 17:49:06,15.27,71.19,1362.82
2022/2/2 17:49:38,15.24,72.12,1346.69
2022/2/2 17:50:10,15.19,72.53,1330.56
2022/2/2 17:50:42,15.15,72.13,1322.50
2022/2/2 17:51:14,15.14,71.67,1306.37
2022/2/2 17:51:47,15.11,71.54,1282.18
2022/2/2 17:52:19,15.09,71.49,1266.05
2022/2/2 17:52:51,15.04,71.49,1249.92
2022/2/2 17:53:23,15.04,71.97,1233.79
2022/2/2 17:53:56,15.00,72.29,1209.60
2022/2/2 17:54:28,14.94,72.51,1193.47
2022/2/2 17:55:00,14.93,72.66,1177.34
2022/2/2 17:55:32,14.89,73.02,1120.90
2022/2/2 17:56:04,14.86,73.28,1096.70
2022/2/2 17:56:37,14.83,73.32,1072.51
2022/2/2 17:57:09,14.79,73.46,1056.38
2022/2/2 17:57:41,14.76,73.71,1032.19
2022/2/2 17:58:13,14.73,74.06,1012.03
2022/2/2 17:58:46,14.69,74.28,995.90
2022/2/2 17:59:18,14.66,74.80,971.71
2022/2/2 17:59:50,14.63,74.78,951.55
2022/2/2 18:00:22,14.55,75.04,931.39
2022/2/2 18:00:54,14.52,75.31,907.20
2022/2/2 18:01:27,14.49,75.61,883.01
2022/2/2 18:01:59,14.45,75.79,858.82
2022/2/2 18:02:31,14.41,75.95,834.62
2022/2/2 18:03:03,14.38,76.50,810.43
2022/2/2 18:03:36,14.33,76.90,786.24
2022/2/2 18:04:08,14.29,76.89,766.08
2022/2/2 18:04:40,14.24,77.12,745.92
2022/2/2 18:05:12,14.21,77.56,721.73
2022/2/2 18:05:44,14.18,77.58,701.57
2022/2/2 18:06:17,14.14,77.76,677.38
2022/2/2 18:06:49,14.09,78.11,657.22
2022/2/2 18:07:21,14.05,78.36,633.02
2022/2/2 18:07:53,14.02,78.59,608.83
2022/2/2 18:08:26,14.00,78.91,584.64
2022/2/2 18:08:58,13.97,79.23,560.45
2022/2/2 18:09:30,13.94,79.28,540.29
2022/2/2 18:10:02,13.90,79.51,516.10
2022/2/2 18:10:35,13.88,79.63,493.92
2022/2/2 18:11:07,13.84,79.77,471.74
2022/2/2 18:11:39,13.82,79.82,449.57
2022/2/2 18:12:11,13.78,80.11,427.39
2022/2/2 18:12:43,13.77,80.36,405.22
2022/2/2 18:13:16,13.77,80.54,383.04
2022/2/2 18:13:48,13.73,80.67,364.90
2022/2/2 18:14:20,13.70,81.26,342.72
2022/2/2 18:14:52,13.67,81.34,322.56
2022/2/2 18:15:25,13.66,81.46,304.42
2022/2/2 18:15:57,13.61,81.62,286.27
2022/2/2 18:16:29,13.58,82.01,268.13
2022/2/2 18:17:01,13.57,82.03,253.01
2022/2/2 18:17:34,13.53,81.63,236.88
2022/2/2 18:18:06,13.49,81.93,220.75
2022/2/2 18:18:38,13.47,82.19,205.63
2022/2/2 18:19:10,13.46,82.42,190.51
2022/2/2 18:19:42,13.42,82.92,177.41
2022/2/2 18:20:15,13.40,83.02,163.30
2022/2/2 18:20:47,13.39,83.13,151.20
2022/2/2 18:21:19,13.33,83.16,139.10
2022/2/2 18:21:51,13.36,83.15,127.51
2022/2/2 18:22:24,13.32,82.35,116.93
2022/2/2 18:22:56,13.27,82.07,106.34
2022/2/2 18:23:28,13.22,82.59,96.77
2022/2/2 18:24:00,13.22,83.21,87.70
2022/2/2 18:24:32,13.19,83.42,78.62
2022/2/2 18:25:05,13.13,83.67,71.06
2022/2/2 18:25:37,13.09,83.77,63.76
2022/2/2 18:26:09,13.02,83.96,56.95
2022/2/2 18:26:41,13.00,84.17,50.65
2022/2/2 18:27:14,12.96,84.46,44.86
2022/2/2 18:27:46,12.96,84.83,39.82
2022/2/2 18:28:18,12.91,85.03,35.03
2022/2/2 18:28:50,12.89,85.35,15.44
2022/2/2 18:29:22,12.84,85.49,13.55
2022/2/2 18:29:55,12.82,85.68,11.72
2022/2/2 18:30:27,12.79,85.84,10.21
2022/2/2 18:30:59,12.76,85.82,8.88
2022/2/2 18:31:31,12.71,85.96,15.31
2022/2/2 18:32:04,12.71,85.82,13.23
2022/2/2 18:32:36,12.65,86.03,11.34
2022/2/2 18:33:08,12.62,86.46,9.77
2022/2/2 18:33:40,12.61,86.84,8.38
2022/2/2 18:34:12,12.58,86.83,7.18
2022/2/2 18:34:45,12.55,86.83,6.17
2022/2/2 18:35:17,12.52,87.09,5.23
2022/2/2 18:35:49,12.49,87.26,4.54
2022/2/2 18:36:21,12.45,87.10,3.84
2022/2/2 18:36:54,12.43,86.82,3.40
2022/2/2 18:37:26,12.40,87.22,2.90
2022/2/2 18:37:58,12.37,87.49,2.52
2022/2/2 18:38:30,12.34,87.86,2.14
2022/2/2 18:39:02,12.33,88.10,1.89
2022/2/2 18:39:35,12.31,88.29,1.64
2022/2/2 18:40:07,12.27,88.24,1.39
2022/2/2 18:40:39,12.23,88.15,1.20
2022/2/2 18:41:11,12.23,88.28,1.07
2022/2/2 18:41:44,12.20,88.68,0.88
2022/2/2 18:42:16,12.20,89.08,0.82
2022/2/2 18:42:48,12.17,89.05,0.69
2022/2/2 18:43:20,12.13,88.82,0.63
2022/2/2 18:43:52,12.13,88.76,0.57
2022/2/2 18:44:25,12.08,88.82,0.50
2022/2/2 18:44:57,12.03,88.69,0.44
2022/2/2 18:45:29,12.00,88.80,0.38
2022/2/2 18:46:01,12.01,88.95,0.38
2022/2/2 18:46:34,12.00,89.13,0.31
2022/2/2 18:47:06,11.98,89.31,0.25
2022/2/2 18:47:38,11.97,89.76,0.25
2022/2/2 18:48:10,11.94,89.82,0.25
2022/2/2 18:48:42,11.94,89.65,0.25
2022/2/2 18:49:15,11.94,89.75,0.25
2022/2/2 18:49:47,11.94,90.29,0.19
2022/2/2 18:50:19,11.89,90.22,0.19
2022/2/2 18:50:51,11.90,89.96,0.19
2022/2/2 18:51:24,11.87,89.83,0.13
2022/2/2 18:51:56,11.86,89.85,0.13
2022/2/2 18:52:28,11.83,89.99,0.13
2022/2/2 18:53:00,11.80,90.01,0.13
2022/2/2 18:53:32,11.79,90.15,0.13
2022/2/2 18:54:05,11.74,90.35,0.06
2022/2/2 18:54:37,11.73,90.54,0.06
2022/2/2 18:55:09,11.73,90.73,0.06
2022/2/2 18:55:41,11.72,91.00,0.06
2022/2/2 18:56:14,11.70,90.89,0.06
2022/2/2 18:56:46,11.70,90.82,0.06
2022/2/2 18:57:18,11.68,90.90,0.06
2022/2/2 18:57:50,11.65,91.08,0.06
2022/2/2 18:58:23,11.66,91.25,0.06
2022/2/2 18:58:55,11.63,91.47,0.06
2022/2/2 18:59:27,11.62,91.69,0.06
2022/2/2 18:59:59,11.63,91.79,0.06
2022/2/2 19:00:31,11.59,91.67,0.06
2022/2/2 19:01:04,11.58,91.46,0.06
2022/2/2 19:01:36,11.59,91.20,0.06
2022/2/2 19:02:08,11.55,91.38,0.06
2022/2/2 19:02:40,11.55,91.54,0.06
2022/2/2 19:03:13,11.53,91.52,0.06
2022/2/2 19:03:45,11.52,91.60,0.06
2022/2/2 19:04:17,11.51,91.81,0.06
2022/2/2 19:04:49,11.49,91.84,0.06
2022/2/2 19:05:21,11.47,91.75,0.06
2022/2/2 19:05:54,11.45,91.66,0.06
2022/2/2 19:06:26,11.43,91.55,0.06
2022/2/2 19:06:58,11.41,91.37,0.06
2022/2/2 19:07:30,11.39,91.04,0.06
2022/2/2 19:08:03,11.39,91.14,0.06
2022/2/2 19:08:35,11.39,91.47,0.06
2022/2/2 19:09:07,11.35,91.70,0.06
2022/2/2 19:09:39,11.39,91.78,0.06
2022/2/2 19:10:11,11.38,91.97,0.06
2022/2/2 19:10:44,11.36,92.09,0.06
2022/2/2 19:11:16,11.35,92.05,0.06
2022/2/2 19:11:48,11.33,92.21,0.06
2022/2/2 19:12:20,11.32,92.31,0.06
2022/2/2 19:12:53,11.31,92.45,0.06
2022/2/2 19:13:25,11.31,92.56,0.06
2022/2/2 19:13:57,11.32,92.66,0.06
2022/2/2 19:14:29,11.32,92.72,0.06
2022/2/2 19:15:01,11.29,92.65,0.06
2022/2/2 19:15:34,11.32,92.52,0.06
2022/2/2 19:16:06,11.28,92.39,0.06
2022/2/2 19:16:38,11.26,92.48,0.06
2022/2/2 19:17:10,11.25,92.44,0.06
2022/2/2 19:17:43,11.23,92.44,0.06
2022/2/2 19:18:15,11.22,92.40,0.06
2022/2/2 19:18:47,11.22,92.57,0.06
2022/2/2 19:19:19,11.22,92.75,0.06
2022/2/2 19:19:51,11.21,92.72,0.06
2022/2/2 19:20:24,11.22,92.66,0.06
2022/2/2 19:20:56,11.19,92.67,0.06
2022/2/2 19:21:28,11.21,92.65,0.06
2022/2/2 19:22:00,11.18,92.64,0.06
2022/2/2 19:22:33,11.15,92.58,0.06
2022/2/2 19:23:05,11.15,92.49,0.06
2022/2/2 19:23:37,11.14,92.54,0.06
2022/2/2 19:24:09,11.11,92.50,0.06
2022/2/2 19:24:41,11.11,92.63,0.06
2022/2/2 19:25:14,11.10,92.81,0.06
2022/2/2 19:25:46,11.10,93.01,0.06
2022/2/2 19:26:18,11.12,93.24,0.06
2022/2/2 19:26:50,11.12,93.34,0.06
2022/2/2 19:27:23,11.12,93.33,0.06
2022/2/2 19:27:55,11.14,93.41,0.06
2022/2/2 19:28:27,11.14,93.32,0.06
2022/2/2 19:28:59,11.12,93.27,0.06
2022/2/2 19:29:31,11.11,93.29,0.06
2022/2/2 19:30:04,11.11,93.37,0.06
2022/2/2 19:30:36,11.10,93.36,0.06
2022/2/2 19:31:08,11.14,93.30,0.06
2022/2/2 19:31:40,11.11,93.33,0.06
2022/2/2 19:32:13,11.14,93.49,0.06
2022/2/2 19:32:45,11.12,93.62,0.06
2022/2/2 19:33:17,11.12,93.68,0.06
2022/2/2 19:33:49,11.12,93.62,0.06
2022/2/2 19:34:21,11.10,93.53,0.06
2022/2/2 19:34:54,11.11,93.43,0.06
2022/2/2 19:35:26,11.08,93.37,0.06
2022/2/2 19:35:58,11.07,93.25,0.06
2022/2/2 19:36:30,11.07,93.33,0.06
2022/2/2 19:37:03,11.07,93.41,0.06
2022/2/2 19:37:35,11.04,93.52,0.06
2022/2/2 19:38:07,11.05,93.56,0.06
2022/2/2 19:38:39,11.05,93.61,0.06
2022/2/2 19:39:11,11.04,93.61,0.06
2022/2/2 19:39:44,11.04,93.54,0.06
2022/2/2 19:40:16,11.02,93.57,0.06
2022/2/2 19:40:48,11.02,93.57,0.06
2022/2/2 19:41:20,11.04,93.55,0.06
2022/2/2 19:41:53,11.02,93.61,0.06
2022/2/2 19:42:25,11.02,93.65,0.06
2022/2/2 19:42:57,11.02,93.71,0.06
2022/2/2 19:43:29,11.02,93.70,0.06
2022/2/2 19:44:01,11.00,93.68,0.06
2022/2/2 19:44:34,11.00,93.60,0.06
2022/2/2 19:45:06,10.97,93.52,0.06
2022/2/2 19:45:38,11.00,93.56,0.06
2022/2/2 19:46:10,10.98,93.66,0.06
2022/2/2 19:46:43,10.95,93.61,0.06
2022/2/2 19:47:15,10.95,93.63,0.06
2022/2/2 19:47:47,10.94,93.73,0.06
2022/2/2 19:48:19,10.95,93.86,0.06
2022/2/2 19:48:52,10.95,93.96,0.06
2022/2/2 19:49:24,10.95,93.94,0.06
2022/2/2 19:49:56,10.95,93.94,0.06
2022/2/2 19:50:28,10.92,93.91,0.06
2022/2/2 19:51:00,10.95,93.96,0.06
2022/2/2 19:51:33,10.94,93.89,0.06
2022/2/2 19:52:05,10.92,93.85,0.06
2022/2/2 19:52:37,10.92,93.92,0.06
2022/2/2 19:53:09,10.91,93.98,0.06
2022/2/2 19:53:42,10.92,94.02,0.06
2022/2/2 19:54:14,10.90,93.97,0.06
2022/2/2 19:54:46,10.88,94.04,0.06
2022/2/2 19:55:18,10.88,94.08,0.06
2022/2/2 19:55:50,10.88,94.13,0.06
2022/2/2 19:56:23,10.87,94.13,0.06
2022/2/2 19:56:55,10.87,94.12,0.06
2022/2/2 19:57:27,10.88,94.13,0.06
2022/2/2 19:57:59,10.82,94.08,0.06
2022/2/2 19:58:32,10.85,94.06,0.06
2022/2/2 19:59:04,10.84,94.08,0.06
2022/2/2 19:59:36,10.82,94.04,0.06
2022/2/2 20:00:08,10.81,94.11,0.06
2022/2/2 20:00:40,10.82,94.12,0.06
2022/2/2 20:01:13,10.81,94.21,0.06
2022/2/2 20:01:45,10.81,94.29,0.06
2022/2/2 20:02:17,10.80,94.21,0.06
2022/2/2 20:02:49,10.80,94.11,0.06
2022/2/2 20:03:22,10.78,94.08,0.06
2022/2/2 20:03:54,10.78,94.11,0.06
2022/2/2 20:04:26,10.78,94.19,0.06
2022/2/2 20:04:58,10.77,94.25,0.06
2022/2/2 20:05:30,10.77,94.31,0.06
2022/2/2 20:06:03,10.77,94.25,0.06
2022/2/2 20:06:35,10.77,94.24,0.06
2022/2/2 20:07:07,10.75,94.14,0.06
2022/2/2 20:07:39,10.75,94.15,0.06
2022/2/2 20:08:12,10.74,94.20,0.06
2022/2/2 20:08:44,10.71,94.20,0.06
2022/2/2 20:09:16,10.72,94.28,0.06
2022/2/2 20:09:48,10.72,94.33,0.06
2022/2/2 20:10:20,10.71,94.35,0.06
2022/2/2 20:10:53,10.71,94.37,0.06
2022/2/2 20:11:25,10.72,94.40,0.06
2022/2/2 20:11:57,10.68,94.39,0.06
2022/2/2 20:12:29,10.67,94.29,0.06
2022/2/2 20:13:02,10.65,94.24,0.06
2022/2/2 20:13:34,10.67,94.27,0.06
2022/2/2 20:14:06,10.67,94.32,0.06
2022/2/2 20:14:38,10.67,94.38,0.06
2022/2/2 20:15:10,10.65,94.44,0.06
2022/2/2 20:15:43,10.64,94.42,0.06
2022/2/2 20:16:15,10.61,94.45,0.06
2022/2/2 20:16:47,10.63,94.45,0.06
2022/2/2 20:17:19,10.63,94.45,0.06
2022/2/2 20:17:52,10.64,94.40,0.06
2022/2/2 20:18:24,10.63,94.39,0.06
2022/2/2 20:18:56,10.61,94.43,0.06
2022/2/2 20:19:28,10.61,94.45,0.06
2022/2/2 20:20:00,10.61,94.47,0.06
2022/2/2 20:20:33,10.64,94.47,0.06
2022/2/2 20:21:05,10.61,94.50,0.06
2022/2/2 20:21:37,10.61,94.45,0.06
2022/2/2 20:22:09,10.61,94.44,0.06
2022/2/2 20:22:41,10.61,94.42,0.06
2022/2/2 20:23:14,10.61,94.46,0.06
2022/2/2 20:23:46,10.63,94.52,0.06
2022/2/2 20:24:18,10.60,94.50,0.06
2022/2/2 20:24:50,10.61,94.56,0.06
2022/2/2 20:25:23,10.61,94.52,0.06
2022/2/2 20:25:55,10.60,94.50,0.06
2022/2/2 20:26:27,10.61,94.50,0.06
2022/2/2 20:26:59,10.63,94.52,0.06
2022/2/2 20:27:32,10.61,94.55,0.06
2022/2/2 20:28:04,10.61,94.44,0.06
2022/2/2 20:28:36,10.61,94.40,0.06
2022/2/2 20:29:08,10.60,94.40,0.06
2022/2/2 20:29:40,10.61,94.46,0.06
2022/2/2 20:30:13,10.61,94.49,0.06
2022/2/2 20:30:45,10.61,94.47,0.06
2022/2/2 20:31:17,10.64,94.54,0.06
2022/2/2 20:31:49,10.64,94.56,0.06
2022/2/2 20:32:22,10.64,94.65,0.06
2022/2/2 20:32:54,10.64,94.63,0.06
2022/2/2 20:33:26,10.65,94.59,0.06
2022/2/2 20:33:58,10.64,94.50,0.06
2022/2/2 20:34:30,10.64,94.47,0.06
2022/2/2 20:35:03,10.63,94.45,0.06
2022/2/2 20:35:35,10.63,94.54,0.06
2022/2/2 20:36:07,10.64,94.63,0.06
2022/2/2 20:36:39,10.63,94.71,0.06
2022/2/2 20:37:12,10.61,94.64,0.06
2022/2/2 20:37:44,10.61,94.67,0.06
2022/2/2 20:38:16,10.61,94.50,0.06
2022/2/2 20:38:48,10.60,94.43,0.06
2022/2/2 20:39:20,10.57,94.42,0.06
2022/2/2 20:39:53,10.59,94.40,0.06
2022/2/2 20:40:25,10.59,94.43,0.06
2022/2/2 20:40:57,10.57,94.37,0.06
2022/2/2 20:41:29,10.56,94.31,0.06
2022/2/2 20:42:02,10.54,94.40,0.06
2022/2/2 20:42:34,10.54,94.46,0.06
2022/2/2 20:43:06,10.51,94.47,0.06
2022/2/2 20:43:38,10.51,94.35,0.06
2022/2/2 20:44:11,10.49,94.45,0.06
2022/2/2 20:44:43,10.50,94.48,0.06
2022/2/2 20:45:15,10.47,94.52,0.06
2022/2/2 20:45:47,10.47,94.58,0.06
2022/2/2 20:46:19,10.43,94.56,0.06
2022/2/2 20:46:52,10.41,94.49,0.06
2022/2/2 20:47:24,10.37,94.45,0.06
2022/2/2 20:47:56,10.39,94.40,0.06
2022/2/2 20:48:28,10.37,94.59,0.06
2022/2/2 20:49:01,10.36,94.68,0.06
2022/2/2 20:49:33,10.35,94.76,0.06
2022/2/2 20:50:05,10.33,94.83,0.06
2022/2/2 20:50:37,10.33,94.87,0.06
2022/2/2 20:51:09,10.30,94.91,0.06
2022/2/2 20:51:42,10.32,94.90,0.06
2022/2/2 20:52:14,10.29,94.94,0.06
2022/2/2 20:52:46,10.26,94.94,0.06
2022/2/2 20:53:18,10.23,94.94,0.06
2022/2/2 20:53:51,10.23,95.03,0.06
2022/2/2 20:54:23,10.23,95.05,0.06
2022/2/2 20:54:55,10.24,95.16,0.06
2022/2/2 20:55:27,10.21,95.20,0.06
2022/2/2 20:55:59,10.23,95.23,0.06
2022/2/2 20:56:32,10.21,95.29,0.06
2022/2/2 20:57:04,10.23,95.31,0.06
2022/2/2 20:57:36,10.24,95.34,0.06
2022/2/2 20:58:08,10.23,95.36,0.06
2022/2/2 20:58:40,10.23,95.35,0.06
2022/2/2 20:59:13,10.23,95.32,0.06
2022/2/2 20:59:45,10.23,95.34,0.06
2022/2/2 21:00:17,10.21,95.34,0.06
2022/2/2 21:00:49,10.23,95.26,0.06
2022/2/2 21:01:22,10.21,95.13,0.06
2022/2/2 21:01:54,10.21,95.16,0.06
2022/2/2 21:02:26,10.23,95.17,0.06
2022/2/2 21:02:58,10.24,95.27,0.06
2022/2/2 21:03:30,10.21,95.28,0.06
2022/2/2 21:04:03,10.21,95.30,0.06
2022/2/2 21:04:35,10.20,95.28,0.06
2022/2/2 21:05:07,10.21,95.37,0.06
2022/2/2 21:05:39,10.20,95.30,0.06
2022/2/2 21:06:12,10.23,95.26,0.06
2022/2/2 21:06:44,10.20,95.30,0.06
2022/2/2 21:07:16,10.17,95.39,0.06
2022/2/2 21:07:48,10.17,95.37,0.06
2022/2/2 21:08:20,10.19,95.40,0.06
2022/2/2 21:08:53,10.17,95.44,0.06
2022/2/2 21:09:25,10.17,95.43,0.06
2022/2/2 21:09:57,10.17,95.42,0.06
2022/2/2 21:10:29,10.17,95.43,0.06
2022/2/2 21:11:02,10.20,95.46,0.06
2022/2/2 21:11:34,10.21,95.43,0.06
2022/2/2 21:12:06,10.24,95.38,0.06
2022/2/2 21:12:38,10.23,95.37,0.06
2022/2/2 21:13:11,10.21,95.51,0.06
2022/2/2 21:13:43,10.23,95.49,0.06
2022/2/2 21:14:15,10.21,95.43,0.06
2022/2/2 21:14:47,10.21,95.35,0.06
2022/2/2 21:15:19,10.26,95.33,0.06
2022/2/2 21:15:52,10.26,95.36,0.06
2022/2/2 21:16:24,10.26,95.40,0.06
2022/2/2 21:16:56,10.27,95.41,0.06
2022/2/2 21:17:28,10.27,95.39,0.06
2022/2/2 21:18:01,10.29,95.44,0.06
2022/2/2 21:18:33,10.29,95.43,0.06
2022/2/2 21:19:05,10.32,95.48,0.06
2022/2/2 21:19:37,10.30,95.39,0.06
2022/2/2 21:20:09,10.29,95.27,0.06
2022/2/2 21:20:42,10.29,95.26,0.06
2022/2/2 21:21:14,10.29,95.19,0.06
2022/2/2 21:21:46,10.27,95.20,0.06
2022/2/2 21:22:18,10.27,95.21,0.06
2022/2/2 21:22:51,10.26,95.22,0.06
2022/2/2 21:23:23,10.27,95.19,0.06
2022/2/2 21:23:55,10.26,95.22,0.06
2022/2/2 21:24:27,10.24,95.25,0.06
2022/2/2 21:25:00,10.24,95.28,0.06
2022/2/2 21:25:32,10.26,95.37,0.06
2022/2/2 21:26:04,10.26,95.23,0.06
2022/2/2 21:26:36,10.26,95.29,0.06
2022/2/2 21:27:08,10.24,95.25,0.06
2022/2/2 21:27:41,10.26,95.19,0.06
2022/2/2 21:28:13,10.26,95.17,0.06
2022/2/2 21:28:45,10.24,95.17,0.06
2022/2/2 21:29:17,10.23,95.13,0.06
2022/2/2 21:29:50,10.24,95.22,0.06
2022/2/2 21:30:22,10.23,95.24,0.06
2022/2/2 21:30:54,10.23,95.26,0.06
2022/2/2 21:31:26,10.23,95.28,0.06
2022/2/2 21:31:58,10.21,95.34,0.06
2022/2/2 21:32:31,10.21,95.29,0.06
2022/2/2 21:33:03,10.20,95.30,0.06
2022/2/2 21:33:35,10.20,95.30,0.06
2022/2/2 21:34:07,10.19,95.36,0.06
2022/2/2 21:34:39,10.21,95.38,0.06
2022/2/2 21:35:12,10.20,95.38,0.06
2022/2/2 21:35:44,10.20,95.42,0.06
2022/2/2 21:36:16,10.21,95.44,0.06
2022/2/2 21:36:48,10.21,95.50,0.06
2022/2/2 21:37:21,10.21,95.52,0.06
2022/2/2 21:37:53,10.19,95.43,0.06
2022/2/2 21:38:25,10.20,95.43,0.06
2022/2/2 21:38:57,10.21,95.39,0.06
2022/2/2 21:39:30,10.20,95.35,0.06
2022/2/2 21:40:02,10.19,95.40,0.06
2022/2/2 21:40:34,10.21,95.38,0.06
2022/2/2 21:41:06,10.20,95.42,0.06
2022/2/2 21:41:39,10.19,95.37,0.06
2022/2/2 21:42:11,10.19,95.26,0.06
2022/2/2 21:42:43,10.16,95.32,0.06
2022/2/2 21:43:15,10.16,95.30,0.06
2022/2/2 21:43:47,10.14,95.32,0.06
2022/2/2 21:44:20,10.14,95.31,0.06
2022/2/2 21:44:52,10.14,95.31,0.06
2022/2/2 21:45:24,10.14,95.32,0.06
2022/2/2 21:45:56,10.13,95.40,0.06
2022/2/2 21:46:29,10.14,95.50,0.06
2022/2/2 21:47:01,10.14,95.50,0.06
2022/2/2 21:47:33,10.14,95.45,0.06
2022/2/2 21:48:05,10.12,95.42,0.06
2022/2/2 21:48:37,10.14,95.45,0.06
2022/2/2 21:49:10,10.14,95.52,0.06
2022/2/2 21:49:42,10.14,95.63,0.06
2022/2/2 21:50:14,10.19,95.57,0.06
2022/2/2 21:50:46,10.19,95.59,0.06
2022/2/2 21:51:19,10.21,95.66,0.06
2022/2/2 21:51:51,10.20,95.72,0.06
2022/2/2 21:52:23,10.17,95.64,0.06
2022/2/2 21:52:55,10.20,95.65,0.06
2022/2/2 21:53:27,10.19,95.60,0.06
2022/2/2 21:54:00,10.17,95.56,0.06
2022/2/2 21:54:32,10.17,95.55,0.06
2022/2/2 21:55:04,10.20,95.57,0.06
2022/2/2 21:55:36,10.20,95.65,0.06
2022/2/2 21:56:09,10.20,95.67,0.06
2022/2/2 21:56:41,10.21,95.64,0.06
2022/2/2 21:57:13,10.24,95.74,0.06
2022/2/2 21:57:45,10.24,95.82,0.06
2022/2/2 21:58:17,10.27,95.82,0.06
2022/2/2 21:58:50,10.32,95.76,0.06
2022/2/2 21:59:22,10.30,95.64,0.06
2022/2/2 21:59:54,10.32,95.56,0.06
2022/2/2 22:00:26,10.33,95.50,0.06
2022/2/2 22:00:59,10.35,95.50,0.06
2022/2/2 22:01:31,10.35,95.39,0.06
2022/2/2 22:02:03,10.37,95.47,0.06
2022/2/2 22:02:35,10.43,95.54,0.06
2022/2/2 22:03:07,10.40,95.44,0.06
2022/2/2 22:03:40,10.44,95.38,0.06
2022/2/2 22:04:12,10.49,95.35,0.06
2022/2/2 22:04:44,10.49,95.30,0.06
2022/2/2 22:05:16,10.49,95.25,0.06
2022/2/2 22:05:49,10.53,95.25,0.06
2022/2/2 22:06:21,10.53,95.23,0.06
2022/2/2 22:06:53,10.53,95.15,0.06
2022/2/2 22:07:25,10.56,95.16,0.06
2022/2/2 22:07:58,10.56,95.08,0.06
2022/2/2 22:08:30,10.61,95.10,0.06
2022/2/2 22:09:02,10.63,95.02,0.06
2022/2/2 22:09:34,10.64,94.93,0.06
2022/2/2 22:10:06,10.64,94.90,0.06
2022/2/2 22:10:39,10.67,94.85,0.06
2022/2/2 22:11:11,10.67,94.83,0.06
2022/2/2 22:11:43,10.67,94.78,0.06
2022/2/2 22:12:15,10.68,94.72,0.06
2022/2/2 22:12:48,10.70,94.74,0.06
2022/2/2 22:13:20,10.72,94.69,0.06
2022/2/2 22:13:52,10.72,94.58,0.06
2022/2/2 22:14:24,10.74,94.60,0.06
2022/2/2 22:14:56,10.72,94.56,0.06
2022/2/2 22:15:29,10.75,94.60,0.06
2022/2/2 22:16:01,10.72,94.56,0.06
2022/2/2 22:16:33,10.78,94.60,0.06
2022/2/2 22:17:05,10.78,94.59,0.06
2022/2/2 22:17:38,10.80,94.56,0.06
2022/2/2 22:18:10,10.77,94.50,0.06
2022/2/2 22:18:42,10.78,94.54,0.06
2022/2/2 22:19:14,10.78,94.52,0.06
2022/2/2 22:19:46,10.82,94.52,0.06
2022/2/2 22:20:19,10.82,94.51,0.06
2022/2/2 22:20:51,10.84,94.39,0.06
2022/2/2 22:21:23,10.88,94.39,0.06
2022/2/2 22:21:55,10.87,94.38,0.06
2022/2/2 22:22:28,10.90,94.33,0.06
2022/2/2 22:23:00,10.88,94.42,0.06
2022/2/2 22:23:32,10.87,94.41,0.06
2022/2/2 22:24:04,10.90,94.34,0.06
2022/2/2 22:24:36,10.88,94.33,0.06
2022/2/2 22:25:09,10.88,94.31,0.06
2022/2/2 22:25:41,10.87,94.35,0.06
2022/2/2 22:26:13,10.90,94.36,0.06
2022/2/2 22:26:45,10.88,94.38,0.06
2022/2/2 22:27:18,10.87,94.34,0.06
2022/2/2 22:27:50,10.88,94.43,0.06
2022/2/2 22:28:22,10.88,94.45,0.06
2022/2/2 22:28:54,10.87,94.43,0.06
2022/2/2 22:29:26,10.90,94.34,0.06
2022/2/2 22:29:59,10.91,94.35,0.06
2022/2/2 22:30:31,10.91,94.31,0.06
2022/2/2 22:31:03,10.91,94.31,0.06
2022/2/2 22:31:35,10.92,94.31,0.06
2022/2/2 22:32:08,10.88,94.33,0.06
2022/2/2 22:32:40,10.92,94.45,0.06
2022/2/2 22:33:12,10.91,94.40,0.06
2022/2/2 22:33:44,10.90,94.36,0.06
2022/2/2 22:34:17,10.88,94.28,0.06
2022/2/2 22:34:49,10.88,94.28,0.06
2022/2/2 22:35:21,10.90,94.27,0.06
2022/2/2 22:35:53,10.88,94.35,0.06
2022/2/2 22:36:25,10.90,94.41,0.06
2022/2/2 22:36:58,10.88,94.36,0.06
2022/2/2 22:37:30,10.90,94.29,0.06
2022/2/2 22:38:02,10.85,94.27,0.06
2022/2/2 22:38:34,10.88,94.29,0.06
2022/2/2 22:39:07,10.85,94.30,0.06
2022/2/2 22:39:39,10.85,94.26,0.06
2022/2/2 22:40:11,10.85,94.25,0.06
2022/2/2 22:40:43,10.81,94.27,0.06
2022/2/2 22:41:15,10.84,94.35,0.06
2022/2/2 22:41:48,10.81,94.40,0.06
2022/2/2 22:42:20,10.82,94.46,0.06
2022/2/2 22:42:52,10.80,94.52,0.06
2022/2/2 22:43:24,10.80,94.52,0.06
2022/2/2 22:43:57,10.78,94.52,0.06
2022/2/2 22:44:29,10.78,94.46,0.06
2022/2/2 22:45:01,10.78,94.47,0.06
2022/2/2 22:45:33,10.80,94.50,0.06
2022/2/2 22:46:05,10.77,94.47,0.06
2022/2/2 22:46:38,10.71,94.45,0.06
2022/2/2 22:47:10,10.74,94.48,0.06
2022/2/2 22:47:42,10.72,94.57,0.06
2022/2/2 22:48:14,10.70,94.56,0.06
2022/2/2 22:48:47,10.70,94.64,0.06
2022/2/2 22:49:19,10.70,94.64,0.06
2022/2/2 22:49:51,10.68,94.72,0.06
2022/2/2 22:50:23,10.65,94.76,0.06
2022/2/2 22:50:55,10.67,94.80,0.06
2022/2/2 22:51:28,10.65,94.87,0.06
2022/2/2 22:52:00,10.64,94.94,0.06
2022/2/2 22:52:32,10.63,94.99,0.06
2022/2/2 22:53:04,10.63,94.98,0.06
2022/2/2 22:53:37,10.63,95.03,0.06
2022/2/2 22:54:09,10.63,94.95,0.06
2022/2/2 22:54:41,10.61,94.98,0.06
2022/2/2 22:55:13,10.61,95.08,0.06
2022/2/2 22:55:45,10.61,95.11,0.06
2022/2/2 22:56:18,10.60,95.18,0.06
2022/2/2 22:56:50,10.60,95.20,0.06
2022/2/2 22:57:22,10.57,95.20,0.06
2022/2/2 22:57:54,10.61,95.19,0.06
2022/2/2 22:58:27,10.56,95.22,0.06
2022/2/2 22:58:59,10.59,95.26,0.06
2022/2/2 22:59:31,10.57,95.31,0.06
2022/2/2 23:00:03,10.59,95.41,0.06
2022/2/2 23:00:36,10.60,95.36,0.06
2022/2/2 23:01:08,10.59,95.38,0.06
2022/2/2 23:01:40,10.57,95.34,0.06
2022/2/2 23:02:12,10.59,95.38,0.06
2022/2/2 23:02:44,10.59,95.45,0.06
2022/2/2 23:03:17,10.61,95.45,0.06
2022/2/2 23:03:49,10.61,95.50,0.06
2022/2/2 23:04:21,10.61,95.50,0.06
2022/2/2 23:04:53,10.61,95.47,0.06
2022/2/2 23:05:26,10.63,95.52,0.06
2022/2/2 23:05:58,10.63,95.44,0.06
2022/2/2 23:06:30,10.64,95.44,0.06
2022/2/2 23:07:02,10.65,95.43,0.06
2022/2/2 23:07:34,10.65,95.39,0.06
2022/2/2 23:08:07,10.65,95.36,0.06
2022/2/2 23:08:39,10.67,95.33,0.06
2022/2/2 23:09:11,10.67,95.29,0.06
2022/2/2 23:09:43,10.67,95.27,0.06
2022/2/2 23:10:16,10.64,95.20,0.06
2022/2/2 23:10:48,10.67,95.22,0.06
2022/2/2 23:11:20,10.68,95.20,0.06
2022/2/2 23:11:52,10.65,95.18,0.06
2022/2/2 23:12:24,10.65,95.15,0.06
2022/2/2 23:12:57,10.68,95.12,0.06
2022/2/2 23:13:29,10.64,95.24,0.06
2022/2/2 23:14:01,10.64,95.26,0.06
2022/2/2 23:14:33,10.64,95.32,0.06
2022/2/2 23:15:06,10.64,95.33,0.06
2022/2/2 23:15:38,10.63,95.32,0.06
2022/2/2 23:16:10,10.63,95.29,0.06
2022/2/2 23:16:42,10.63,95.31,0.06
2022/2/2 23:17:14,10.64,95.24,0.06
2022/2/2 23:17:47,10.61,95.27,0.06
2022/2/2 23:18:19,10.61,95.31,0.06
2022/2/2 23:18:51,10.63,95.38,0.06
2022/2/2 23:19:23,10.63,95.35,0.06
2022/2/2 23:19:56,10.64,95.32,0.06
2022/2/2 23:20:28,10.65,95.29,0.06
2022/2/2 23:21:00,10.63,95.32,0.06
2022/2/2 23:21:32,10.63,95.28,0.06
2022/2/2 23:22:04,10.63,95.29,0.06
2022/2/2 23:22:37,10.61,95.28,0.06
2022/2/2 23:23:09,10.59,95.28,0.06
2022/2/2 23:23:41,10.60,95.30,0.06
2022/2/2 23:24:13,10.60,95.44,0.06
2022/2/2 23:24:46,10.59,95.42,0.06
2022/2/2 23:25:18,10.57,95.34,0.06
2022/2/2 23:25:50,10.59,95.32,0.06
2022/2/2 23:26:22,10.56,95.33,0.06
2022/2/2 23:26:54,10.57,95.37,0.06
2022/2/2 23:27:27,10.59,95.41,0.06
2022/2/2 23:27:59,10.59,95.42,0.06
2022/2/2 23:28:31,10.57,95.40,0.06
2022/2/2 23:29:03,10.53,95.32,0.06
2022/2/2 23:29:36,10.53,95.37,0.06
2022/2/2 23:30:08,10.54,95.46,0.06
2022/2/2 23:30:40,10.49,95.44,0.06
2022/2/2 23:31:12,10.51,95.44,0.06
2022/2/2 23:31:44,10.51,95.49,0.06
2022/2/2 23:32:17,10.49,95.52,0.06
2022/2/2 23:32:49,10.50,95.50,0.06
2022/2/2 23:33:21,10.50,95.53,0.06
2022/2/2 23:33:53,10.50,95.55,0.06
2022/2/2 23:34:26,10.47,95.56,0.06
2022/2/2 23:34:58,10.47,95.60,0.06
2022/2/2 23:35:30,10.46,95.70,0.06
2022/2/2 23:36:02,10.44,95.74,0.06
2022/2/2 23:36:34,10.46,95.72,0.06
2022/2/2 23:37:07,10.46,95.70,0.06
2022/2/2 23:37:39,10.43,95.71,0.06
2022/2/2 23:38:11,10.41,95.77,0.06
2022/2/2 23:38:43,10.43,95.86,0.06
2022/2/2 23:39:16,10.40,95.83,0.06
2022/2/2 23:39:48,10.40,95.89,0.06
2022/2/2 23:40:20,10.41,95.92,0.06
2022/2/2 23:40:52,10.39,95.93,0.06
2022/2/2 23:41:24,10.39,95.92,0.06
2022/2/2 23:41:57,10.37,95.89,0.06
2022/2/2 23:42:29,10.39,95.93,0.06
2022/2/2 23:43:01,10.36,95.94,0.06
2022/2/2 23:43:33,10.37,95.91,0.06
2022/2/2 23:44:06,10.36,95.91,0.06
2022/2/2 23:44:38,10.35,95.91,0.06
2022/2/2 23:45:10,10.35,95.93,0.06
2022/2/2 23:45:42,10.35,95.95,0.06
2022/2/2 23:46:14,10.33,95.95,0.06
2022/2/2 23:46:47,10.33,95.89,0.06
2022/2/2 23:47:19,10.30,95.93,0.06
2022/2/2 23:47:51,10.30,95.98,0.06
2022/2/2 23:48:23,10.30,95.97,0.06
2022/2/2 23:48:56,10.29,95.93,0.06
2022/2/2 23:49:28,10.29,95.92,0.06
2022/2/2 23:50:00,10.30,95.93,0.06
2022/2/2 23:50:32,10.29,96.02,0.06
2022/2/2 23:51:04,10.26,96.13,0.06
2022/2/2 23:51:37,10.24,96.12,0.06
2022/2/2 23:52:09,10.24,96.09,0.06
2022/2/2 23:52:41,10.27,96.10,0.06
2022/2/2 23:53:13,10.21,96.09,0.06
2022/2/2 23:53:46,10.21,96.08,0.06
2022/2/2 23:54:18,10.20,96.10,0.06
2022/2/2 23:54:50,10.19,96.16,0.06
2022/2/2 23:55:22,10.17,96.16,0.06
2022/2/2 23:55:55,10.19,96.23,0.06
2022/2/2 23:56:27,10.17,96.25,0.06
2022/2/2 23:56:59,10.17,96.33,0.06
2022/2/2 23:57:31,10.17,96.38,0.06
2022/2/2 23:58:03,10.19,96.41,0.06
2022/2/2 23:58:36,10.19,96.39,0.06
2022/2/2 23:59:08,10.17,96.42,0.06
2022/2/2 23:59:40,10.19,96.47,0.06
